,Most_Common_Company
0,–°–µ–ª–∏–≥–¥–∞—Ä
1,Ozon
2,–ù–ú–¢–ü
3,–ù–ú–¢–ü
4,Windfall Tax
5,Windfall Tax
6,Windfall Tax
7,Windfall Tax
8,–í–¢–ë
9,"‚Äã‚Äã""""–ë–µ—Å–ø–ª–∞—Ç–Ω—ã—Ö"
10,"‚Äã‚Äã""""–ë–µ—Å–ø–ª–∞—Ç–Ω—ã—Ö"
11,"‚Äã‚Äã""""–ë–µ—Å–ø–ª–∞—Ç–Ω—ã—Ö"
12,"‚Äã‚Äã""""–ë–µ—Å–ø–ª–∞—Ç–Ω—ã—Ö"
13,–§–†–°
14,–§–†–°
15,–§–†–°
16,–§–†–°
17,–§–†–°
18,–§–†–°
19,–§–†–°
20,–ò–Ω—Ç–µ—Ä—Ñ–∞–∫—Å–æ–º
21,–í–¢–ë
22,–í–¢–ë
23,–í–¢–ë
24,–ö–æ–º–ø–∞–Ω–∏–∏ –Ω–µ –Ω–∞–π–¥–µ–Ω—ã
25,–ö–æ–º–ø–∞–Ω–∏–∏ –Ω–µ –Ω–∞–π–¥–µ–Ω—ã
26,–Ø–Ω–¥–µ–∫—Å
27,–Ø–Ω–¥–µ–∫—Å—É
28,Volkswagen
29,–ì–ê–ó (GAZA):
30,–î–†–£–ì–û–ï –ë–∞–Ω–∫
31,–ö–æ–º–ø–∞–Ω–∏–∏ –Ω–µ –Ω–∞–π–¥–µ–Ω—ã
32,–ö–æ–º–ø–∞–Ω–∏–∏ –Ω–µ –Ω–∞–π–¥–µ–Ω—ã
33,–ö–æ–º–ø–∞–Ω–∏–∏ –Ω–µ –Ω–∞–π–¥–µ–Ω—ã
34,–ö–æ–º–ø–∞–Ω–∏–∏ –Ω–µ –Ω–∞–π–¥–µ–Ω—ã
35,–ö–æ–º–ø–∞–Ω–∏–∏ –Ω–µ –Ω–∞–π–¥–µ–Ω—ã
36,–ö–æ–º–ø–∞–Ω–∏–∏ –Ω–µ –Ω–∞–π–¥–µ–Ω—ã
37,–ö–æ–º–ø–∞–Ω–∏–∏ –Ω–µ –Ω–∞–π–¥–µ–Ω—ã
38,–ö–æ–º–ø–∞–Ω–∏–∏ –Ω–µ –Ω–∞–π–¥–µ–Ω—ã
39,–ö–æ–º–ø–∞–Ω–∏–∏ –Ω–µ –Ω–∞–π–¥–µ–Ω—ã
40,–ö–æ–º–ø–∞–Ω–∏–∏ –Ω–µ –Ω–∞–π–¥–µ–Ω—ã
41,–ò–Ω–¥–µ–∫—Å–∞
42,–ò–Ω–¥–µ–∫—Å–∞
43,–ò–Ω–¥–µ–∫—Å–∞
44,–ö–æ–º–ø–∞–Ω–∏–∏ –Ω–µ –Ω–∞–π–¥–µ–Ω—ã
45,SberCIB Investment Research
46,SberCIB Investment Research
47,SberCIB Investment Research
48,–†–¶–ë
49,—Å–ø—Å
50,—Å–ø—Å
51,—Å–ø—Å
52,–ì–∞–∑–ø—Ä–æ–º
53,–ì–∞–∑–ø—Ä–æ–º
54,–¢—Ä–∞–Ω—Å–Ω–µ—Ñ—Ç—å
55,–¢—Ä–∞–Ω—Å–Ω–µ—Ñ—Ç—å
56,–¶–ë
57,–°–î
58,–°–î
59,Tele2
60,–ö–æ–º–ø–∞–Ω–∏–∏ –Ω–µ –Ω–∞–π–¥–µ–Ω—ã
61,–†–æ—Å–Ω–µ—Ñ—Ç–∏
62,–†–æ—Å–Ω–µ—Ñ—Ç–∏
63,–ê–ü–†–ò
64,–†–æ—Å—Ç–µ–ª–µ–∫–æ–º
65,–°–ü–ë
66,–ö—É–ª—å—Ç—É—Ä–Ω—ã–π —Ü–µ–Ω—Ç—Ä
67,–ú–æ—Å–∫–æ–≤—Å–∫–∞—è –±–∏—Ä–∂–∞
68,–†–î–í
69,G7
70,–†–î–í
71,–ú–æ—Å–ë–∏—Ä–∂–∏
72,–†–î–í
73,–õ–£–ö–û–ô–õ–∞
74,–ë–ö–°
75,‚ùó
76,‚ùó
77,‚ùó
78,‚ùó
79,‚ùó
80,‚ùó
81,‚ùó
82,‚ùó
83,‚ùó
84,‚ùó
85,‚ùó
86,‚ùó
87,‚ùó
88,‚ùó
89,‚ùó
90,‚ùó
91,‚ùó
92,‚ùó
93,‚ùó
94,‚ùó
95,‚ùó
96,‚ùó
97,‚ùó
98,‚ùó
99,‚ùó
100,‚ùó
101,‚ùó
102,‚ùó
103,‚ùó
104,‚ùó
105,‚ùó
106,‚ùó
107,‚ùó
108,‚ùó
109,‚ùó
110,‚ùó
111,‚ùó
112,‚ùó
113,‚ùó
114,‚ùó
115,–ò–Ω—Ç–µ—Ä—Ñ–∞–∫—Å
116,–ö–æ–º–ø–∞–Ω–∏–∏ –Ω–µ –Ω–∞–π–¥–µ–Ω—ã
117,FORTUM
118,–†–æ—Å–∏–º—É—â–µ—Å—Ç–≤–æ
119,Perenco
120,–Ø–Ω–¥–µ–∫—Å –ú—É–∑—ã–∫–∞
121,–Ø–Ω–¥–µ–∫—Å –ú—É–∑—ã–∫–∞
122,–Ø–Ω–¥–µ–∫—Å –ú—É–∑—ã–∫–∞
123,–ú–¢–°
124,–ú–¢–°
125,–ú–¢–°
126,–ú–æ—Å—ç–Ω–µ—Ä–≥–æ
127,–ú–æ—Å—ç–Ω–µ—Ä–≥–æ
128,–ú–æ—Å—ç–Ω–µ—Ä–≥–æ
129,–ú–æ—Å—ç–Ω–µ—Ä–≥–æ
130,–¶–ë
131,–ú–æ—Å—ç–Ω–µ—Ä–≥–æ
132,–ú–æ—Å–ë–∏—Ä–∂–∏
133,–ò–Ω—Ç–µ—Ä—Ñ–∞–∫—Å
134,–ù–ï–§–¢–¨
135,–ù–ï–§–¢–¨
136,–ù–ï–§–¢–¨
137,–ù–ï–§–¢–¨
138,üç± ¬´–Ø–Ω–¥–µ–∫—Å¬ª
139,–ù–ï–§–¢–¨
140,–ù–ï–§–¢–¨
141,–ù–ï–§–¢–¨
142,–ù–ï–§–¢–¨
143,–ù–ï–§–¢–¨
144,–ù–ï–§–¢–¨
145,–ù–ï–§–¢–¨
146,–ù–ï–§–¢–¨
147,–ù–ï–§–¢–¨
148,–ù–ï–§–¢–¨
149,–ù–ï–§–¢–¨
150,–ù–ï–§–¢–¨
151,–ë–ö–° –ú–∏—Ä –∏–Ω–≤–µ—Å—Ç–∏—Ü–∏–π
152,AFKS
153,AFKS
154,AFKS
155,AFKS
156,–ú–æ—Å–±–∏—Ä–∂–∏
157,–ú–æ—Å–±–∏—Ä–∂–∏
158,–ù–ï–§–¢–¨
159,–ù–ï–§–¢–¨
160,–ù–ï–§–¢–¨
161,–ù–ï–§–¢–¨
162,–ù–ï–§–¢–¨
163,üü¢
164,üü¢
165,üü¢
166,üü¢
167,–ü–ê–û ¬´–ú–ú–ö¬ª
168,–ü–ê–û ¬´–ú–ú–ö¬ª
169,–ù–ï–§–¢–¨
170,–ù–ï–§–¢–¨
171,–ù–ï–§–¢–¨
172,–ù–ï–§–¢–¨
173,–í–¢–ë
174,–í–¢–ë
175,–í–¢–ë
176,–í–¢–ë
177,–í–¢–ë
178,–í–¢–ë
179,–í–¢–ë
180,–ú–¢–°
181,–ú–¢–°
182,–¢–ê–°–°
183,‚ùó
184,‚ùó
185,‚ùó
186,‚ùó
187,‚ùó
188,‚ùó
189,‚ùó
190,‚ùó
191,‚ùó
192,‚ùó
193,‚ùó
194,‚ùó
195,‚ùó
196,‚ùó
197,‚ùó
198,‚ùó
199,‚ùó
200,‚ùó
201,‚ùó
202,‚ùó
203,‚ùó
204,‚ùó
205,‚ùó
206,‚ùó
207,‚ùó
208,‚ùó
209,‚ùó
210,‚ùó
211,‚ùó
212,‚ùó
213,‚ùó
214,‚ùó
215,‚ùó
216,‚ùó
217,‚ùó
218,‚ùó
219,‚ùó
220,–Ø–Ω–¥–µ–∫—Å
221,–≥—ç–ø
222,–ú–¢–°
223,–ú–¢–°
224,–ò–Ω—Ç–µ—Ä –†–ê–û
225,–ò–Ω—Ç–µ—Ä –†–ê–û
226,–ö–æ–º–ø–∞–Ω–∏–∏ –Ω–µ –Ω–∞–π–¥–µ–Ω—ã
227,–†–æ—Å–Ω–µ—Ñ—Ç—å (ROSN)
228,–†–æ—Å–Ω–µ—Ñ—Ç—å (ROSN)
229,–†–æ—Å–Ω–µ—Ñ—Ç—å (ROSN)
230,–†–æ—Å–Ω–µ—Ñ—Ç—å (ROSN)
231,–†–æ—Å–Ω–µ—Ñ—Ç—å (ROSN)
232,–†–æ—Å–Ω–µ—Ñ—Ç—å (ROSN)
233,–†–æ—Å–Ω–µ—Ñ—Ç—å (ROSN)
234,–†–æ—Å–Ω–µ—Ñ—Ç—å (ROSN)
235,–†–æ—Å–Ω–µ—Ñ—Ç—å (ROSN)
236,–†–æ—Å–Ω–µ—Ñ—Ç—å (ROSN)
237,–†–æ—Å–Ω–µ—Ñ—Ç—å (ROSN)
238,–†–æ—Å–Ω–µ—Ñ—Ç—å (ROSN)
239,–†–æ—Å–Ω–µ—Ñ—Ç—å (ROSN)
240,–ö–æ–º–ø–∞–Ω–∏–∏ –Ω–µ –Ω–∞–π–¥–µ–Ω—ã
241,–ê–≥—Ä–æ—Ç—Ä–µ–π–¥–∏–Ω–≥
242,–ê–≥—Ä–æ—Ç—Ä–µ–π–¥–∏–Ω–≥
243,–ú–æ—Å–ë–∏—Ä–∂–∏
244,–ú–æ—Å–ë–∏—Ä–∂–∏
245,–ú–æ—Å–ë–∏—Ä–∂–∏
246,–ú–æ—Å–ë–∏—Ä–∂–∏
247,–ú–æ—Å–ë–∏—Ä–∂–∏
248,–ù–û–í–ê–¢–≠–ö–∞
249,–†–î–í
250,–†–î–í
251,–†–î–í
252,–†–î–í
253,–†–î–í
254,–†–î–í
255,–†–î–í
256,–†–î–í
257,–†–î–í
258,–†–î–í
259,–†–î–í
260,–†–î–í
261,–†–î–í
262,–ò–Ω—Ç–µ—Ä—Ñ–∞–∫—Å–∞
263,–ò–Ω—Ç–µ—Ä—Ñ–∞–∫—Å–∞
264,–ò–Ω—Ç–µ—Ä—Ñ–∞–∫—Å–∞
265,–ò–Ω—Ç–µ—Ä—Ñ–∞–∫—Å–∞
266,–ò–Ω—Ç–µ—Ä—Ñ–∞–∫—Å–∞
267,–ù–û–í–ê–¢–≠–ö
268,–ö–æ–º–ø–∞–Ω–∏–∏ –Ω–µ –Ω–∞–π–¥–µ–Ω—ã
269,–ö–æ–º–ø–∞–Ω–∏–∏ –Ω–µ –Ω–∞–π–¥–µ–Ω—ã
270,–°–∞—Ö–∞–ª–∏–Ω–µ-2
271,–ù–û–í–ê–¢–≠–ö–∞
272,–Ø–Ω–¥–µ–∫—Å
273,–Ø–Ω–¥–µ–∫—Å
274,–Ø–Ω–¥–µ–∫—Å
275,–Ø–Ω–¥–µ–∫—Å
276,–Ø–Ω–¥–µ–∫—Å
277,–Ø–Ω–¥–µ–∫—Å
278,–Ø–Ω–¥–µ–∫—Å
279,–Ø–Ω–¥–µ–∫—Å
280,–Ø–Ω–¥–µ–∫—Å
281,–°–ß–ê
282,–°–ß–ê
283,–°–ß–ê
284,–°–ß–ê
285,–°–ß–ê
286,–û–ì–ö-2
287,–†—É—Å–∞–≥—Ä–æ
288,–†—É—Å–∞–≥—Ä–æ
289,–†—É—Å–∞–≥—Ä–æ
290,–†–∞—Å–ø–∞–¥—Å–∫–æ–π
291,–û–ì–ö-2
292,Segezha Group
293,–ò–ù–¢–ï–†–§–ê–ö–°
294,–°–ò–ú
295,–°–ò–ú
296,Ozon
297,Ozon
298,Segezha Group MOEX
299,–ú–æ—Å–ë–∏—Ä–∂–∏
300,–ú–æ—Å–ë–∏—Ä–∂–∏
301,–ú–æ—Å–ë–∏—Ä–∂–∏
302,–ú–æ—Å–ë–∏—Ä–∂–∏
303,–ú–æ—Å–ë–∏—Ä–∂–∏
304,–ú–æ—Å–ë–∏—Ä–∂–∏
305,–Ø–Ω–¥–µ–∫—Å
306,–ú–µ–≥–∞—Ñ–æ–Ω
307,–ú–µ–≥–∞—Ñ–æ–Ω
308,OZON
309,–ù–ï–§–¢–¨
310,–ù–ï–§–¢–¨
311,–ù–ï–§–¢–¨
312,–ù–ï–§–¢–¨
313,–ù–ï–§–¢–¨
314,–†–æ—Å—Å—Ç–∞—Ç
315,–†–æ—Å—Å—Ç–∞—Ç
316,‚ùó
317,–§–ê–°
318,–ò–Ω—Ç–µ—Ä–§–æ—Ä–µ—Å—Ç–†—É—Å
319,‚ùó
320,‚ùó
321,Segezha Group
322,–ú–°–§–û
323,–ú–°–§–û
324,–ú–°–§–û
325,–ú–°–§–û
326,Segezha Group (MOEX: SGZH
327,–°–î
328,BTC
329,BTC
330,BTC
331,üü¢ –ù–æ–≤–æ—Å—Ç–∏
332,üü¢ –ù–æ–≤–æ—Å—Ç–∏
333,–í–¢–ë
334,–ì–∞–∑–ø—Ä–æ–º
335,–ì–∞–∑–ø—Ä–æ–º
336,–ö–æ–º–ø–∞–Ω–∏–∏ –Ω–µ –Ω–∞–π–¥–µ–Ω—ã
337,–õ—É–∫–æ–π–ª
338,–õ—É–∫–æ–π–ª
339,–õ—É–∫–æ–π–ª
340,–†–æ—Å–Ω–µ—Ñ—Ç—å
341,–ï–ö
342,–≠–∫—Å–ø–µ—Ä—Ç –†–ê
343,–ù–ü–ó
344,–ù–ü–ó
345,–ì–∞–∑–ø—Ä–æ–º
346,–ì–∞–∑–ø—Ä–æ–º
347,ETF
348,–ö–æ–º–ø–∞–Ω–∏–∏ –Ω–µ –Ω–∞–π–¥–µ–Ω—ã
349,–ö–æ–º–ø–∞–Ω–∏–∏ –Ω–µ –Ω–∞–π–¥–µ–Ω—ã
350,–ù–æ—Ä–Ω–∏–∫–µ–ª—å
351,–ù–û–†–ù–ò–ö–ï–õ–¨
352,–ù–æ—Ä–Ω–∏–∫–µ–ª—è
353,–†–æ—Å—Ç–µ—Ö–Ω–∞–¥–∑–æ—Ä
354,"–ü–ê–û """"–†–∞—Å–ø–∞–¥—Å–∫–∞—è"""
355,–°–í–û
356,–ê–º—É—Ä—Å–∫–∏–π –ì–ü–ó
357,–ê—Å—Å–æ—Ü–∏–∞—Ü–∏—é —É—á–∞—Å—Ç–Ω–∏–∫–æ–≤ —Ä—ã–Ω–∫–∞ –≤–∏–¥–µ–æ–∏–≥—Ä
358,–ú–æ—Å–ë–∏—Ä–∂–∏
359,–ú–æ—Å–ë–∏—Ä–∂–∏
360,–ù–æ—Ä–Ω–∏–∫–µ–ª—å
361,–ö–û–ù–°–ï–ù–°–£–°
362,–ì–∞–∑–ø—Ä–æ–º
363,–ì–∞–∑–ø—Ä–æ–º
364,–ì–∞–∑–ø—Ä–æ–º
365,–†—É—Å–ì–∏–¥—Ä–æ
366,–†—É—Å–ì–∏–¥—Ä–æ
367,–†—É—Å–ì–∏–¥—Ä–æ
368,Top News
369,Top News
370,Top News
371,–†—É—Å–≥–∏–¥—Ä–æ
372,–ú–æ—Å–ë–∏—Ä–∂–∏
373,–ú–æ—Å–ë–∏—Ä–∂–∏
374,–ú–¢–° - –†–°–ë–£
375,–ú–¢–°
376,–ú–°–§–û
377,–ö–æ–º–ø–∞–Ω–∏–∏ –Ω–µ –Ω–∞–π–¥–µ–Ω—ã
378,–ö–æ–º–ø–∞–Ω–∏–∏ –Ω–µ –Ω–∞–π–¥–µ–Ω—ã
379,–ö–æ–º–ø–∞–Ω–∏–∏ –Ω–µ –Ω–∞–π–¥–µ–Ω—ã
380,–ö–æ–º–ø–∞–Ω–∏–∏ –Ω–µ –Ω–∞–π–¥–µ–Ω—ã
381,–ö–æ–º–ø–∞–Ω–∏–∏ –Ω–µ –Ω–∞–π–¥–µ–Ω—ã
382,–ö–æ–º–ø–∞–Ω–∏–∏ –Ω–µ –Ω–∞–π–¥–µ–Ω—ã
383,–ö–æ–º–ø–∞–Ω–∏–∏ –Ω–µ –Ω–∞–π–¥–µ–Ω—ã
384,–ú–¢–°
385,–ú–¢–°
386,–ñ–∏–°
387,–ñ–∏–°
388,–ñ–∏–°
389,üü¢
390,üü¢
391,–°–ø–∞—Ä—Ç–∞–∫
392,–ö–æ–º–ø–∞–Ω–∏–∏ –Ω–µ –Ω–∞–π–¥–µ–Ω—ã
393,–ú–ú–ö
394,–ö–æ–º–ø–∞–Ω–∏–∏ –Ω–µ –Ω–∞–π–¥–µ–Ω—ã
395,–ö–æ–º–ø–∞–Ω–∏–∏ –Ω–µ –Ω–∞–π–¥–µ–Ω—ã
396,–ú–ú–ö
397,–ú–ú–ö
398,–ú–ú–ö
399,–ú–ú–ö
400,–ú–ú–ö
401,–õ—É–∫–æ–π–ª
402,–õ—É–∫–æ–π–ª
403,–ú–ú–ö
404,–ú–ú–ö
405,Positive Technologies
406,Positive Technologies
407,Positive Technologies
408,Positive Technologies
409,–ö–æ–º–ø–∞–Ω–∏–∏ –Ω–µ –Ω–∞–π–¥–µ–Ω—ã
410,–ë–µ–ª—É–≥–∞ –ì—Ä—É–ø–ø
411,–ù–ï–§–¢–¨
412,–ù–ï–§–¢–¨
413,–ù–ï–§–¢–¨
414,–ù–ï–§–¢–¨
415,–ú–æ—Å–ë–∏—Ä–∂–∏
416,–ú–æ—Å–ë–∏—Ä–∂–∏
417,–ú–æ—Å–ë–∏—Ä–∂–∏
418,–ö–æ–º–ø–∞–Ω–∏–∏ –Ω–µ –Ω–∞–π–¥–µ–Ω—ã
419,Beluga Group
420,–õ–£–ö–û–ô–õ–∞
421,–ê—Å—Ç–∞–Ω–∏–Ω—Å–∫—É—é –º–µ–∂–¥—É–Ω–∞—Ä–æ–¥–Ω—É—é –±–∏—Ä–∂—É
422,–ò–Ω—Ç–µ—Ä—Ñ–∞–∫—Å
423,–†–î–í
424,–ö–æ–º–ø–∞–Ω–∏–∏ –Ω–µ –Ω–∞–π–¥–µ–Ω—ã
425,MOEX
426,–ö–æ–º–ø–∞–Ω–∏–∏ –Ω–µ –Ω–∞–π–¥–µ–Ω—ã
427,–†—É—Å–∞–ª
428,–ö–æ–º–ø–∞–Ω–∏–∏ –Ω–µ –Ω–∞–π–¥–µ–Ω—ã
429,–ö–æ–º–ø–∞–Ω–∏–∏ –Ω–µ –Ω–∞–π–¥–µ–Ω—ã
430,–ì–∞–∑–ø—Ä–æ–º–±–∞–Ω–∫
431,–ö–û–ù–°–ï–ù–°–£–°
432,Beluga Group
433,–ú–ú–ö
434,–ë–µ–ª—É–≥–∞ –≥—Ä—É–ø–ø
435,–í–¢–ë
436,–ú–æ—Å–ë–∏—Ä–∂–∏
437,–ú–æ—Å–ë–∏—Ä–∂–∏
438,Segezha Group
439,Segezha Group
440,Segezha Group
441,–°–î
442,‚ùó
443,–ú–ú–ö
444,–ú–∞–≥–Ω–∏—Ç–æ–≥–æ—Ä—Å–∫–∏–π –º–µ—Ç–∞–ª–ª—É—Ä–≥–∏—á–µ—Å–∫–∏–π –∫–æ–º–±–∏–Ω–∞—Ç
445,–ß–ò–°–¢–ê–Ø
446,–ú–ú–ö
447,–ú–ú–ö
448,–ú–ú–ö
449,Top News
450,Top News
451,Top News
452,–ú–ú–ö
453,–ú–ú–ö
454,–ú–ú–ö
455,–ú–ú–ö
456,–ú–ú–ö
457,–ú–ú–ö
458,–ú–ú–ö
459,–ú–ú–ö
460,–ú–ú–ö
461,–ï–¶–ë
462,–ï–¶–ë
463,–ï–¶–ë
464,NASDAQ
465,NASDAQ
466,–ú–æ—Å–ë–∏—Ä–∂–∏
467,–ö–æ–º–ø–∞–Ω–∏–∏ –Ω–µ –Ω–∞–π–¥–µ–Ω—ã
468,–ú–ú–ö
469,–¶–ë
470,–¶–ë
471,–¶–ë
472,–†–∞—Å–ø–∞–¥—Å–∫–∞—è
473,–ê–±—Ä–∞—É-–î—é—Ä—Å–æ
474,–ñ–∏–°
475,–ñ–∏–°
476,–ñ–∏–°
477,Segezha Group
478,–ú–°–§–û
479,–ú–æ—Å–±–∏—Ä–∂–∏
480,Beluga Group
481,–ì—Ä—É–ø–ø—ã –ü–æ–∑–∏—Ç–∏–≤
482,–ö–æ–º–ø–∞–Ω–∏–∏ –Ω–µ –Ω–∞–π–¥–µ–Ω—ã
483,–ò–Ω—Ç–µ—Ä—Ñ–∞–∫—Å
484,–ò–Ω—Ç–µ—Ä—Ñ–∞–∫—Å
485,Positive Technologies
486,–û–±—â–µ–º—É —Å–æ–±—Ä–∞–Ω–∏—é
487,‚ùó
488,Top News
489,–¶–ë
490,–ú–æ—Å–∫–æ–≤—Å–∫–∞—è –±–∏—Ä–∂–∞
491,–†–æ—Å—Å–µ—Ç–∏
492,Beluga Group
493,Beluga Group
494,Beluga Group
495,Beluga Group
496,Beluga Group
497,Beluga Group
498,Beluga Group
499,Beluga Group
500,–ö–æ–º–ø–∞–Ω–∏–∏ –Ω–µ –Ω–∞–π–¥–µ–Ω—ã
501,–ö–æ–º–ø–∞–Ω–∏–∏ –Ω–µ –Ω–∞–π–¥–µ–Ω—ã
502,–ù–æ—á–Ω–æ–µ –¥–µ–∂—É—Ä—Å—Ç–≤–æ
503,–ö–æ–º–ø–∞–Ω–∏–∏ –Ω–µ –Ω–∞–π–¥–µ–Ω—ã
504,–†–æ—Å—Ç–µ–ª–µ–∫–æ–º–∞
505,MOEX
506,–ñ–∏–°
507,–ñ–∏–°
508,–ü–ê–û –ú–æ—Å–∫–æ–≤—Å–∫–∞—è –ë–∏—Ä–∂–∞ (moex):
509,MOEX
510,–†–¶–ë
511,–ú–æ—Å–±–∏—Ä–∂–∏
512,–ù–æ—Ä–Ω–∏–∫–µ–ª—å
513,–ù–æ—Ä–Ω–∏–∫–µ–ª—å
514,–ú–æ—Å–ë–∏—Ä–∂–∏
515,–ú–æ—Å–ë–∏—Ä–∂–∏
516,–°–î ¬´–ù–æ–≤–∞—Ç—ç–∫–∞¬ª
517,–ù–û–í–ê–¢–≠–ö
518,–ö–æ–º–ø–∞–Ω–∏–∏ –Ω–µ –Ω–∞–π–¥–µ–Ω—ã
519,–†–æ—Å—Ç–µ–ª–µ–∫–æ–º–∞
520,–†–æ—Å—Ç–µ–ª–µ–∫–æ–º–∞
521,–ù–û–í–ê–¢–≠–ö–∞
522,‚ùóÔ∏è –ú–æ—Å–±–∏—Ä–∂–∞
523,–†—É—Å–∞–≥—Ä–æ
524,–†—É—Å–∞–≥—Ä–æ
525,–°–í–û
526,–°–í–û
527,–ö–æ–º–ø–∞–Ω–∏–∏ –Ω–µ –Ω–∞–π–¥–µ–Ω—ã
528,MOEX
529,–ú–æ—Å–±–∏—Ä–∂–∏
530,–î–û
531,CarMoney
532,–ñ–∏–°
533,–ï–¶–ë
534,–ï–¶–ë
535,Ozon
536,–ú–æ—Å–ë–∏—Ä–∂–∏
537,–ú–æ—Å–ë–∏—Ä–∂–∏
538,–ú–æ—Å–ë–∏—Ä–∂–∏
539,–ú–æ—Å–ë–∏—Ä–∂–∏
540,–ú–æ—Å–ë–∏—Ä–∂–∏
541,–ú–ú–ö
542,Windfall tax
543,–†–î–í
544,–†–î–í
545,–†–î–í
546,–†–î–í
547,–†–î–í
548,Nokian Tyres
549,–ò—Å—Ç–æ—á–Ω–∏–∫–æ–≤ –†–î–í
550,–ú–¢–°
551,–§–ê–°
552,–§–ê–°
553,–§–ê–°
554,–ì–∞–∑–ø—Ä–æ–º –Ω–µ—Ñ—Ç—å
555,–ú–∏–Ω—Ñ–∏–Ω
556,–ü–æ–ª—é—Å
557,üü¢ –ù–æ–≤–æ—Å—Ç–∏
558,üü¢ –ù–æ–≤–æ—Å—Ç–∏
559,–§–æ—Å–∞–≥—Ä–æ
560,–ù–æ—á–Ω–æ–µ –¥–µ–∂—É—Ä—Å—Ç–≤–æ
561,–ù–æ—á–Ω–æ–µ –¥–µ–∂—É—Ä—Å—Ç–≤–æ
562,–ù–æ—á–Ω–æ–µ –¥–µ–∂—É—Ä—Å—Ç–≤–æ
563,–ü–æ–ª—é—Å
564,–ú–æ—Å–ë–∏—Ä–∂–∏
565,–ú–æ—Å–ë–∏—Ä–∂–∏
566,–ú–æ—Å–ë–∏—Ä–∂–∏
567,–ú–æ—Å–ë–∏—Ä–∂–∏
568,–ú–æ—Å–ë–∏—Ä–∂–∏
569,–ú–ú–ö
570,–ú–ú–ö
571,–ú–ú–ö
572,–ú–ú–ö
573,–ú–ú–ö
574,Yandex Cloud
575,–ö–æ–º–ø–∞–Ω–∏–∏ –Ω–µ –Ω–∞–π–¥–µ–Ω—ã
576,VEON
577,VEON
578,VEON
579,VEON
580,–°–æ–≤–µ—Ç –¥–∏—Ä–µ–∫—Ç–æ—Ä–æ–≤
581,VK Play
582,VK Play
583,–ö–æ–º–ø–∞–Ω–∏–∏ –Ω–µ –Ω–∞–π–¥–µ–Ω—ã
584,VK
585,VK
586,–ö–æ–º–ø–∞–Ω–∏–∏ –Ω–µ –Ω–∞–π–¥–µ–Ω—ã
587,–ö–æ–º–ø–∞–Ω–∏–∏ –Ω–µ –Ω–∞–π–¥–µ–Ω—ã
588,–ú–°–§–û
589,–ú–°–§–û
590,—Å–¥
591,–ö–æ–º–ø–∞–Ω–∏–∏ –Ω–µ –Ω–∞–π–¥–µ–Ω—ã
592,–ú–¢–°
593,–ú–¢–°
594,–ö–æ–º–ø–∞–Ω–∏–∏ –Ω–µ –Ω–∞–π–¥–µ–Ω—ã
595,–ú–°–§–û
596,Positive Technologies (POSI
597,Positive Technologies
598,–ì—Ä—É–ø–ø–∞ –ü–æ–∑–∏—Ç–∏–≤
599,–ö–æ–º–ø–∞–Ω–∏–∏ –Ω–µ –Ω–∞–π–¥–µ–Ω—ã
600,–ö–æ–º–ø–∞–Ω–∏–∏ –Ω–µ –Ω–∞–π–¥–µ–Ω—ã
601,–†–æ—Å—Ç–µ–ª–µ–∫–æ–º
602,"–ü–ê–û """""
603,–ú–æ—Å–ë–∏—Ä–∂–∏
604,–ú–æ—Å–ë–∏—Ä–∂–∏
605,‚ùó
606,–ö–æ–º–ø–∞–Ω–∏–∏ –Ω–µ –Ω–∞–π–¥–µ–Ω—ã
607,–ì–∞–∑–ø—Ä–æ–º (GAZP RX)
608,–ì–∞–∑–ø—Ä–æ–º (GAZP RX)
609,–õ–£–ö–û–ô–õ–∞
610,–ú–æ—Å–ë–∏—Ä–∂–∏
611,–ú–æ—Å–ë–∏—Ä–∂–∏
612,–ú–æ—Å–ë–∏—Ä–∂–∏
613,–°–∞–º–æ–ª–µ—Ç
614,–°–∞–º–æ–ª–µ—Ç
615,–°–∞–º–æ–ª–µ—Ç–∞
616,–õ—É–∫–æ–π–ª
617,–°–∞–º–æ–ª–µ—Ç
618,–ö–æ–º–ø–∞–Ω–∏–∏ –Ω–µ –Ω–∞–π–¥–µ–Ω—ã
619,–¢–∞—Ç–Ω–µ—Ñ—Ç—å
620,–¢–∞—Ç–Ω–µ—Ñ—Ç—å
621,–ú–æ—Å–ë–∏—Ä–∂–∏
622,–ú–æ—Å–ë–∏—Ä–∂–∏
623,–ú–æ—Å–ë–∏—Ä–∂–∏
624,–ú–æ—Å–ë–∏—Ä–∂–∏
625,–ú–æ—Å–ë–∏—Ä–∂–∏
626,–ú–æ—Å–ë–∏—Ä–∂–∏
627,Aytemiz Akaryakit
628,Nokian Tyres
629,–ú–°–§–û
630,–†–ñ–î
631,–†–ñ–î
632,–ú–¢–°
633,–ú–¢–°
634,–ú–¢–°
635,–ú–¢–°
636,–ú–æ—Å–±–∏—Ä–∂–µ
637,–ú–æ—Å–±–∏—Ä–∂–µ
638,–ú–æ—Å–±–∏—Ä–∂–µ
639,–ú–æ—Å–±–∏—Ä–∂–µ
640,Wildberries
641,–†–∞—Å–ø–∞–¥—Å–∫–æ–π
642,–ó–∞–∫—Ä—ã—Ç—ã–π –∫–∞–Ω–∞–ª
643,–ú–æ—Å–ë–∏—Ä–∂–∏
644,–ú–æ—Å–ë–∏—Ä–∂–∏
645,–ö–æ–º–ø–∞–Ω–∏–∏ –Ω–µ –Ω–∞–π–¥–µ–Ω—ã
646,–ú–æ—Å–ë–∏—Ä–∂–∏
647,–ú–æ—Å–ë–∏—Ä–∂–∏
648,–ü–æ–ª—é—Å
649,–¶–ë
650,–¶–ë
651,–¶–ë
652,–†–¶–ë
653,–í–¢–ë
654,ESG
655,–ö–æ–º–ø–∞–Ω–∏–∏ –Ω–µ –Ω–∞–π–¥–µ–Ω—ã
656,–ö–æ–º–ø–∞–Ω–∏–∏ –Ω–µ –Ω–∞–π–¥–µ–Ω—ã
657,–û–¢ –≠–§–§–ï–ö–¢–ò–í–ù–û–°–¢–ò
658,–ò–ù–¢–ï–†–§–ê–ö–°
659,–ù–ü–ó
660,–ö–æ–º–ø–∞–Ω–∏–∏ –Ω–µ –Ω–∞–π–¥–µ–Ω—ã
661,Argus
662,Argus
663,–¢–û–ü
664,–¢–û–ü
665,–ì–∞–∑–ø—Ä–æ–º
666,–ú–°–§–û
667,–ú–°–§–û
668,–ú–°–§–û
669,–ú–°–§–û
670,–ú–°–§–û
671,–ú–°–§–û
672,–ú–°–§–û
673,–ú–°–§–û
674,–ú–°–§–û
675,–ú–°–§–û
676,–ú–°–§–û
677,–ö–æ–º–ø–∞–Ω–∏–∏ –Ω–µ –Ω–∞–π–¥–µ–Ω—ã
678,–ö–æ–º–ø–∞–Ω–∏–∏ –Ω–µ –Ω–∞–π–¥–µ–Ω—ã
679,–ú–æ—Å–ë–∏—Ä–∂–∏
680,–ú–æ—Å–ë–∏—Ä–∂–∏
681,–ê—ç—Ä–æ—Ñ–ª–æ—Ç–∞
682,S&P 500
683,–ö–æ–º–ø–∞–Ω–∏–∏ –Ω–µ –Ω–∞–π–¥–µ–Ω—ã
684,Whoosh
685,Gaztransport & Technigaz
686,–ù–æ–≤–∞—Ç—ç–∫
687,–ù–û–í–ê–¢–≠–ö
688,–ù–æ–≤–∞—Ç—ç–∫
689,–ò–ù–¢–ï–†–§–ê–ö–°
690,–ß–µ—Ä–∫–∏–∑–æ–≤–æ
691,–ò–Ω—Ç–µ—Ä—Ñ–∞–∫—Å
692,–ù–æ–≤–∞—Ç—ç–∫
693,https://j.tinkoff.ru/inv-tg/review-mdmg-4q2022/
694,–°–æ–≤–∫–æ–º—Ñ–ª–æ—Ç
695,–ù–æ–≤–∞—Ç—ç–∫–∞
696,–ù–æ–≤–∞—Ç—ç–∫–∞
697,–ö–æ–º–ø–∞–Ω–∏–∏ –Ω–µ –Ω–∞–π–¥–µ–Ω—ã
698,üü¢ –ù–æ–≤–æ—Å—Ç–∏
699,üü¢ –ù–æ–≤–æ—Å—Ç–∏
700,–ú–æ—Å–±–∏—Ä–∂–∏
701,–ú–æ—Å–±–∏—Ä–∂–∏
702,–ú–æ–∑–≥–æ–≤–æ–π —Ü–µ–Ω—Ç—Ä
703,–ö–æ–º–ø–∞–Ω–∏–∏ –Ω–µ –Ω–∞–π–¥–µ–Ω—ã
704,–í–û–°–ê
705,–í–û–°–ê
706,–í–û–°–ê
707,–ò–ù–¢–ï–†–§–ê–ö–°
708,MGNT
709,Shell
710,Shell
711,–ò–Ω—Ç–µ—Ä—Ñ–∞–∫—Å
712,–†–ë–ö
713,–§–ê–°
714,–§–ê–°
715,–§–ê–°
716,–§–ê–°
717,–§–ê–°
718,–§–ê–°
719,Top News
720,Top News
721,Top News
722,SberCIB Investment Research
723,SberCIB Investment Research
724,SberCIB Investment Research
725,–ö–æ–º–ø–∞–Ω–∏–∏ –Ω–µ –Ω–∞–π–¥–µ–Ω—ã
726,–ö–æ–º–ø–∞–Ω–∏–∏ –Ω–µ –Ω–∞–π–¥–µ–Ω—ã
727,–ö–æ–º–ø–∞–Ω–∏–∏ –Ω–µ –Ω–∞–π–¥–µ–Ω—ã
728,–ú–ú–ö
729,–ú–ú–ö
730,–ú–ú–ö
731,–†—É—Å–ì–∏–¥—Ä–æ
732,üöó
733,üöó
734,üöó
735,üöó
736,–ú–æ—Å–∫–æ–≤—Å–∫–æ–π –±–∏—Ä–∂–µ
737,üü¢ –ù–æ–≤–æ—Å—Ç–∏
738,–í–¢–ë
739,–í–¢–ë
740,–°–ü–ë –ë–∏—Ä–∂–∞
741,–Ø–Ω–¥–µ–∫—Å
742,–Ø–Ω–¥–µ–∫—Å
743,–Ø–Ω–¥–µ–∫—Å
744,–Ø–Ω–¥–µ–∫—Å–∞
745,–†–î–í
746,–Ø–Ω–¥–µ–∫—Å–∞
747,‚ùó
748,–Ø–Ω–¥–µ–∫—Å - –ú–°–§–û
749,–Ø–Ω–¥–µ–∫—Å–∞
750,–ö–æ–º–ø–∞–Ω–∏–∏ –Ω–µ –Ω–∞–π–¥–µ–Ω—ã
751,–ö–æ–º–ø–∞–Ω–∏–∏ –Ω–µ –Ω–∞–π–¥–µ–Ω—ã
752,DigitalOcean Holdings
753,DigitalOcean Holdings
754,DigitalOcean Holdings
755,–ú–ú–ö (MOEX:MAGN)
756,–ú–æ—Å–ë–∏—Ä–∂–∏
757,–ú–æ—Å–ë–∏—Ä–∂–∏
758,–ú–ú–ö
759,–ú–ú–ö
760,–ú–ú–ö
761,–ö–æ–º–ø–∞–Ω–∏–∏ –Ω–µ –Ω–∞–π–¥–µ–Ω—ã
762,–ú–ü–ì
763,–ü–ê–û ¬´–ì–ú–ö –ù–æ—Ä–∏–ª—å—Å–∫–∏–π –Ω–∏–∫–µ–ª—å¬ª
764,–ù–æ—Ä–∏–ª—å—Å–∫–æ–≥–æ –ù–∏–∫–µ–ª—è
765,Bloomberg
766,–ò–Ω–∞—Ä–∫—Ç–∏–∫–∞
767,–†–æ—Å—Å–µ–ª—å—Ö–æ–∑–Ω–∞–¥–∑–æ—Ä–∞
768,–û–ü–ï–ö+
769,–û–ü–ï–ö+
770,–û–ü–ï–ö+
771,–û–ü–ï–ö+
772,–§–ê–°
773,–û–°–¢–ê–ï–¢–°–Ø
774,–û–°–¢–ê–ï–¢–°–Ø
775,–û–°–¢–ê–ï–¢–°–Ø
776,–ü—Ä–æ—Ñ–∏—Ç–µ
777,TCS Group
778,TCS Group
779,–ú–æ—Å–ë–∏—Ä–∂–∏
780,–ú–æ—Å–ë–∏—Ä–∂–∏
781,–ú–æ—Å–ë–∏—Ä–∂–∏
782,–ú–µ—á–µ–ª
783,–°–µ–≤–µ—Ä—Å—Ç–∞–ª–∏
784,–°–µ–≤–µ—Ä—Å—Ç–∞–ª–∏
785,–°–µ–≤–µ—Ä—Å—Ç–∞–ª–∏
786,–°–µ–≤–µ—Ä—Å—Ç–∞–ª–∏
787,–°–µ–≤–µ—Ä—Å—Ç–∞–ª–∏
788,Polymetal
789,Polymetal
790,–ò–¢
791,–Ø–Ω–¥–µ–∫—Å
792,–†–∞—Å–ø–∞–¥—Å–∫–æ–π
793,Ozon
794,Ozon
795,Ozon
796,üí∏ Fix Price
797,üí∏ Fix Price
798,–ö–æ–º–ø–∞–Ω–∏–∏ –Ω–µ –Ω–∞–π–¥–µ–Ω—ã
799,FLOT
800,IB
801,–ú–ò–ù–§–ò–ù
802,–ú–ò–ù–§–ò–ù
803,–ú–ò–ù–§–ò–ù
804,–ú–æ—Å–ë–∏—Ä–∂–∏
805,–ú–æ—Å–ë–∏—Ä–∂–∏
806,UFirst
807,UFirst
808,–°–æ–≤–∫–æ–º–±–∞–Ω–∫–∞
809,–°–æ–≤–∫–æ–º–±–∞–Ω–∫
810,–ö–æ–º–ø–∞–Ω–∏–∏ –Ω–µ –Ω–∞–π–¥–µ–Ω—ã
811,–ò–§  –î—É–º–∞—é
812,–ò–Ω–∞—Ä–∫—Ç–∏–∫–∞
813,–ë–∞—à–Ω–µ—Ñ—Ç–∏
814,–ú–°–§–û
815,–¢–∞—Ç–Ω–µ—Ñ—Ç–∏
816,–ß–ò–°–¢–ê–Ø
817,–ú–æ—Å–±–∏—Ä–∂–∏
818,–ö–æ–º–ø–∞–Ω–∏–∏ –Ω–µ –Ω–∞–π–¥–µ–Ω—ã
819,–ö–æ–º–ø–∞–Ω–∏–∏ –Ω–µ –Ω–∞–π–¥–µ–Ω—ã
820,–ö–æ–º–ø–∞–Ω–∏–∏ –Ω–µ –Ω–∞–π–¥–µ–Ω—ã
821,–ö–æ–º–ø–∞–Ω–∏–∏ –Ω–µ –Ω–∞–π–¥–µ–Ω—ã
822,–ê–ö–¶–ò–û–ù–ï–†–´ –¢–ê–¢–ù–ï–§–¢–ò –û–î–û–ë–†–ò–õ–ò –î–ò–í–ò–î–ï–ù–î–´
823,–ö–æ–º–ø–∞–Ω–∏–∏ –Ω–µ –Ω–∞–π–¥–µ–Ω—ã
824,‚ùó
825,–ò–Ω—Ç–µ—Ä –†–ê–û
826,–ú–æ—Å–ë–∏—Ä–∂–∏
827,–ú–æ—Å–ë–∏—Ä–∂–∏
828,–ú–æ—Å–ë–∏—Ä–∂–∏
829,–ö–æ–º–ø–∞–Ω–∏–∏ –Ω–µ –Ω–∞–π–¥–µ–Ω—ã
830,–ö–æ–º–ø–∞–Ω–∏–∏ –Ω–µ –Ω–∞–π–¥–µ–Ω—ã
831,–¢–ê–°–°
832,–ö–∞–º–∞–∑
833,–ú–í–∏–¥–µ–æ
834,–ú–í–∏–¥–µ–æ
835,fwd
836,–ú–∞–≥–Ω–∏—Ç –ú–∞—Ä–∫–µ—Ç
837,–†–∞–π–¥–¢–µ—Ö
838,Vk
839,–ö–æ–º–ø–∞–Ω–∏–∏ –Ω–µ –Ω–∞–π–¥–µ–Ω—ã
840,–ú–æ—Å–±–∏—Ä–∂–∏
841,–ü–æ–ª—é—Å–∞
842,‚Ä¢ ¬´–ë–∞—à–Ω–µ—Ñ—Ç—å¬ª
843,‚Ä¢ ¬´–ë–∞—à–Ω–µ—Ñ—Ç—å¬ª
844,‚Ä¢ ¬´–ë–∞—à–Ω–µ—Ñ—Ç—å¬ª
845,‚Ä¢ ¬´–ë–∞—à–Ω–µ—Ñ—Ç—å¬ª
846,–ú–æ—Å–±–∏—Ä–∂–∏
847,–ö–æ–º–ø–∞–Ω–∏–∏ –Ω–µ –Ω–∞–π–¥–µ–Ω—ã
848,–ö–æ–º–ø–∞–Ω–∏–∏ –Ω–µ –Ω–∞–π–¥–µ–Ω—ã
849,–ö–æ–º–ø–∞–Ω–∏–∏ –Ω–µ –Ω–∞–π–¥–µ–Ω—ã
850,–ö–æ–º–ø–∞–Ω–∏–∏ –Ω–µ –Ω–∞–π–¥–µ–Ω—ã
851,–§–†–°
852,–§–†–°
853,–§–†–°
854,–§–†–°
855,–≥–∞–∑–ø—Ä–æ–º - —à–æ—Ä—Ç
856,–≥–∞–∑–ø—Ä–æ–º - —à–æ—Ä—Ç
857,–≥–∞–∑–ø—Ä–æ–º - —à–æ—Ä—Ç
858,–≥–∞–∑–ø—Ä–æ–º - —à–æ—Ä—Ç
859,üç£
860,"–ì–ö """"–°–∞–º–æ–ª–µ—Ç"""
861,–ö–æ–º–ø–∞–Ω–∏–∏ –Ω–µ –Ω–∞–π–¥–µ–Ω—ã
862,–ü–ê–û ¬´–†–æ—Å—Å–µ—Ç–∏ –õ–µ–Ω—ç–Ω–µ—Ä–≥–æ¬ª
863,–ö–æ–º–ø–∞–Ω–∏–∏ –Ω–µ –Ω–∞–π–¥–µ–Ω—ã
864,üåæ –§–æ—Å–ê–≥—Ä–æ
865,üåæ –§–æ—Å–ê–≥—Ä–æ
866,üü¢
867,–ê—ç—Ä–æ—Ñ–ª–æ—Ç
868,–ú–°–§–û
869,–ö–æ–º–ø–∞–Ω–∏–∏ –Ω–µ –Ω–∞–π–¥–µ–Ω—ã
870,–ö–æ–º–ø–∞–Ω–∏–∏ –Ω–µ –Ω–∞–π–¥–µ–Ω—ã
871,–ú–æ—Å–ë–∏—Ä–∂–∏
872,–ú–æ—Å–ë–∏—Ä–∂–∏
873,–ú–æ—Å–ë–∏—Ä–∂–∏
874,X5 Group
875,‚ùó
876,–ö–∞—Ä—É—Å–µ–ª—å
877,üü¢ –ù–æ–≤–æ—Å—Ç–∏
878,üü¢ –ù–æ–≤–æ—Å—Ç–∏
879,üü¢ –ù–æ–≤–æ—Å—Ç–∏
880,üü¢ –ù–æ–≤–æ—Å—Ç–∏
881,üü¢ –ù–æ–≤–æ—Å—Ç–∏
882,MAGN –ú–ú–ö
883,–ö–æ–º–ø–∞–Ω–∏–∏ –Ω–µ –Ω–∞–π–¥–µ–Ω—ã
884,–ö–æ–º–ø–∞–Ω–∏–∏ –Ω–µ –Ω–∞–π–¥–µ–Ω—ã
885,Ozon
886,–ú–°–§–û
887,–ú–°–§–û
888,–ú–°–§–û
889,–ò–ù–¢–ï–†–§–ê–ö–°
890,–ü–ê–û ¬´–ú–µ—á–µ–ª¬ª
891,–ü–ê–û ¬´–ú–µ—á–µ–ª¬ª
892,–ü–ê–û ¬´–ú–µ—á–µ–ª¬ª
893,–ü–ê–û ¬´–ú–µ—á–µ–ª¬ª
894,–ü–ê–û ¬´–ú–µ—á–µ–ª¬ª
895,–ü–ê–û ¬´–ú–µ—á–µ–ª¬ª
896,–ü–ê–û ¬´–ú–µ—á–µ–ª¬ª
897,–ü–ê–û ¬´–ú–µ—á–µ–ª¬ª
898,–†–æ—Å–∞–ª–∫–æ–≥–æ–ª—å—Ä–µ–≥—É–ª–∏—Ä–æ–≤–∞–Ω–∏–µ
899,‚ùó
900,–ú–æ—Å–ë–∏—Ä–∂–∏
901,–í–¢–ë
902,üåæ ‚Äú–†—É—Å–∞–≥—Ä–æ‚Äù
903,üåæ ‚Äú–†—É—Å–∞–≥—Ä–æ‚Äù
904,üåæ ‚Äú–†—É—Å–∞–≥—Ä–æ‚Äù
905,Polymetal
906,Positive Technologies
907,‚ùó
908,Positive Technologies
909,Positive Technologies
910,–í–´–†–£–ß–ö–ê
911,–ú–æ—Å–ë–∏—Ä–∂–µ
912,Top News
913,Top News
914,Top News
915,–¶–ë
916,–ö–æ–º–ø–∞–Ω–∏–∏ –Ω–µ –Ω–∞–π–¥–µ–Ω—ã
917,–ö–æ–º–ø–∞–Ω–∏–∏ –Ω–µ –Ω–∞–π–¥–µ–Ω—ã
918,–¢–∏–Ω—å–∫–æ—Ñ—Ñ –ò–Ω–≤–µ—Å—Ç–∏—Ü–∏–∏
919,–ö–æ–º–ø–∞–Ω–∏–∏ –Ω–µ –Ω–∞–π–¥–µ–Ω—ã
920,–¢–∞—Ç–Ω–µ—Ñ—Ç–∏
921,–î–í–ú–ü
922,–ú–æ—Å—ç–Ω–µ—Ä–≥–æ
923,–†–ï–ü–û
924,–ú–¢–°
925,–ú–æ—Å–∫–æ–≤—Å–∫–æ–π –±–∏—Ä–∂–µ
926,–ö–æ–º–ø–∞–Ω–∏–∏ –Ω–µ –Ω–∞–π–¥–µ–Ω—ã
927,–ö–æ–º–ø–∞–Ω–∏–∏ –Ω–µ –Ω–∞–π–¥–µ–Ω—ã
928,–†–¢
929,–†–î–í
930,–ì–∞–∑–ø—Ä–æ–º –Ω–µ—Ñ—Ç–∏
931,–¢–¢–ú
932,Sentix
933,Sentix
934,–ì–∞–∑–ø—Ä–æ–º –Ω–µ—Ñ—Ç—å
935,–†–æ—Å–Ω–µ—Ñ—Ç—å (ROSN)
936,–†–æ—Å–Ω–µ—Ñ—Ç—å (ROSN)
937,–†–æ—Å–Ω–µ—Ñ—Ç—å (ROSN)
938,‚ùó
939,–†–µ–Ω–µ—Å—Å–∞–Ω—Å —Å—Ç—Ä–∞—Ö–æ–≤–∞–Ω–∏–µ
940,Yandex N.V.
941,–ú–¢–°
942,–ú–¢–°
943,VK RuStore
944,–í–ö–æ–Ω—Ç–∞–∫—Ç–µ
945,–ö–æ–º–ø–∞–Ω–∏–∏ –Ω–µ –Ω–∞–π–¥–µ–Ω—ã
946,–°–¢–°
947,VK
948,–ù–æ—á–Ω–æ–µ –¥–µ–∂—É—Ä—Å—Ç–≤–æ
949,–ú–æ—Å–ë–∏—Ä–∂–∏
950,–ú–æ—Å–ë–∏—Ä–∂–∏
951,–ö–æ–º–ø–∞–Ω–∏–∏ –Ω–µ –Ω–∞–π–¥–µ–Ω—ã
952,–§–†–°
953,–ú–°–§–û
954,–°–±–µ—Ä–±–∞–Ω–∫
955,Whoosh
956,–ü–ê–û ¬´–°–±–µ—Ä–±–∞–Ω–∫ –†–æ—Å—Å–∏–∏¬ª
957,–†–æ—Å—Å–µ—Ç–∏
958,–ò–Ω–¥–µ–∫—Å–∞
959,–ò–Ω–¥–µ–∫—Å–∞
960,–ö–æ–º–ø–∞–Ω–∏–∏ –Ω–µ –Ω–∞–π–¥–µ–Ω—ã
961,–†–æ—Å–Ω–µ—Ñ—Ç–∏
962,–†–æ—Å–Ω–µ—Ñ—Ç–∏
963,–†–æ—Å–Ω–µ—Ñ—Ç–∏
964,‚ùó
965,‚ùó
966,‚ùó
967,–ö–æ–º–ø–∞–Ω–∏–∏ –Ω–µ –Ω–∞–π–¥–µ–Ω—ã
968,–ö–æ–º–ø–∞–Ω–∏–∏ –Ω–µ –Ω–∞–π–¥–µ–Ω—ã
969,–ö–æ–º–ø–∞–Ω–∏–∏ –Ω–µ –Ω–∞–π–¥–µ–Ω—ã
970,–ö–æ–º–ø–∞–Ω–∏–∏ –Ω–µ –Ω–∞–π–¥–µ–Ω—ã
971,–ù–æ—á–Ω–æ–µ –¥–µ–∂—É—Ä—Å—Ç–≤–æ
972,VK
973,–ö–æ–º–ø–∞–Ω–∏–∏ –Ω–µ –Ω–∞–π–¥–µ–Ω—ã
974,Globaltruck
975,Globaltruck
976,Globaltruck
977,Baza
978,‚ùó
979,‚ùó
980,–ö–æ–º–ø–∞–Ω–∏–∏ –Ω–µ –Ω–∞–π–¥–µ–Ω—ã
981,–ü—Ä–æ–≥–Ω–æ–∑–æ–º
982,–í–¢–ë
983,–ö–æ–º–ø–∞–Ω–∏–∏ –Ω–µ –Ω–∞–π–¥–µ–Ω—ã
984,–°–æ–≤–∫–æ–º—Ñ–ª–æ—Ç
985,–ö–æ–º–ø–∞–Ω–∏–∏ –Ω–µ –Ω–∞–π–¥–µ–Ω—ã
986,–ú–°–§–û
987,–°–î
988,–°–î
989,–°–î
990,–°–î
991,–ú–°–§–û
992,–ñ–∏–°
993,–ñ–∏–°
994,–ö–æ–º–ø–∞–Ω–∏–∏ –Ω–µ –Ω–∞–π–¥–µ–Ω—ã
995,–ö–æ–º–ø–∞–Ω–∏–∏ –Ω–µ –Ω–∞–π–¥–µ–Ω—ã
996,–¶–ë
997,–ñ–∏–°
998,–°–ü–ë –±–∏—Ä–∂–∞
999,–¶–ë
1000,–¶–ë
1001,–í–ö–æ–Ω—Ç–∞–∫—Ç–µ
1002,–ö–æ–º–ø–∞–Ω–∏–∏ –Ω–µ –Ω–∞–π–¥–µ–Ω—ã
1003,–ü—Ä–æ–º–µ–∂—É—Ç–æ—á–Ω–∞—è –±—É—Ö–≥–∞–ª—Ç–µ—Ä—Å–∫–∞—è –æ—Ç—á–µ—Ç–Ω–æ—Å—Ç—å
1004,G7
1005,Headhunter
1006,X5 Group
1007,X5 Group
1008,X5 Group
1009,X5 Group
1010,X5 Group
1011,Globaltrans
1012,–ì–∞–∑–ø—Ä–æ–º
1013,–ì–∞–∑–ø—Ä–æ–º
1014,–ì–∞–∑–ø—Ä–æ–º
1015,–ì–∞–∑–ø—Ä–æ–º
1016,–ì–∞–∑–ø—Ä–æ–º
1017,FMR LLC
1018,–°–±–µ—Ä–±–∞–Ω–∫
1019,–†—É—Å–∞–ª
1020,–†—É—Å–∞–ª
1021,Ozon
1022,–ù–æ—Ä–Ω–∏–∫–µ–ª—å
1023,–ù–æ—Ä–Ω–∏–∫–µ–ª—è
1024,–ù–æ—Ä–Ω–∏–∫–µ–ª—å
1025,Ozon
1026,Softline
1027,Softline
1028,–ú–æ—Å–ë–∏—Ä–∂–∏
1029,–ú–æ—Å–ë–∏—Ä–∂–∏
1030,–ú–°–§–û
1031,–ú–∏–Ω—Ñ–∏–Ω
1032,–§–†–° - 23:30–º—Å–∫
1033,–§–†–° - 23:30–º—Å–∫
1034,Ozon
1035,–†—É—Å–ì–∏–¥—Ä–æ
1036,–†—É—Å–ì–∏–¥—Ä–æ
1037,–ò–Ω—Ç–µ—Ä—Ñ–∞–∫—Å–∞
1038,–†—É—Å–≥–∏–¥—Ä–æ
1039,–ù–æ—Ä–Ω–∏–∫–µ–ª—å
1040,–ê–∫–∞–¥–µ–º–∏—è
1041,–ù–æ—á–Ω–æ–µ –¥–µ–∂—É—Ä—Å—Ç–≤–æ
1042,–§–ù–°
1043,Ozon
1044,ISM   üè¶
1045,ISM   üè¶
1046,Papa John's
1047,–ú–æ—Å–ë–∏—Ä–∂–∏
1048,–ú–æ—Å–ë–∏—Ä–∂–∏
1049,–ú–æ—Å–ë–∏—Ä–∂–∏
1050,–ú–æ—Å–ë–∏—Ä–∂–∏
1051,Ozon
1052,Ozon
1053,–ì–∞–∑–ø—Ä–æ–º
1054,–ì–∞–∑–ø—Ä–æ–º
1055,–ì–∞–∑–ø—Ä–æ–º
1056,–ì–∞–∑–ø—Ä–æ–º
1057,–ì–∞–∑–ø—Ä–æ–º
1058,–ì–∞–∑–ø—Ä–æ–º
1059,–ì–∞–∑–ø—Ä–æ–º
1060,–ì–∞–∑–ø—Ä–æ–º
1061,–ì–∞–∑–ø—Ä–æ–º
1062,–†—É—Å—Å–Ω–µ—Ñ—Ç—å
1063,Baring Vostok
1064,Ozon
1065,–û–ö–ö–ê–ú
1066,–û–ö–ö–ê–ú
1067,–ü–û–õ–Æ–°–ê
1068,–ü–û–õ–Æ–°–ê
1069,–ü–û–õ–Æ–°–ê
1070,–ú–ú–ö
1071,–†–¶–ë
1072,–ö–æ–º–ø–∞–Ω–∏–∏ –Ω–µ –Ω–∞–π–¥–µ–Ω—ã
1073,–ö–æ–º–ø–∞–Ω–∏–∏ –Ω–µ –Ω–∞–π–¥–µ–Ω—ã
1074,OZON
1075,–†–æ—Å—Å—Ç–∞—Ç
1076,–†–æ—Å–Ω–µ—Ñ—Ç–∏ (ROSN)
1077,–†–æ—Å–Ω–µ—Ñ—Ç–∏ (ROSN)
1078,–†–æ—Å–Ω–µ—Ñ—Ç–∏ (ROSN)
1079,–†–æ—Å–Ω–µ—Ñ—Ç–∏ (ROSN)
1080,–†–æ—Å–Ω–µ—Ñ—Ç–∏ (ROSN)
1081,–ö–æ–º–ø–∞–Ω–∏–∏ –Ω–µ –Ω–∞–π–¥–µ–Ω—ã
1082,BTC
1083,üü¢ –ù–æ–≤–æ—Å—Ç–∏
1084,üü¢ –ù–æ–≤–æ—Å—Ç–∏
1085,–ò–ù–¢–ï–†–§–ê–ö–°
1086,–ò–Ω—Ç–µ—Ä—Ñ–∞–∫—Å
1087,–ù–æ—Ä–Ω–∏–∫–µ–ª—è
1088,–°–í–û
1089,–°–í–û
1090,–ú–æ—Å–ë–∏—Ä–∂–∏
1091,–ú–æ—Å–ë–∏—Ä–∂–∏
1092,–ú–æ—Å–ë–∏—Ä–∂–∏
1093,–ê–õ–†–û–°–ê
1094,–ù–õ–ú–ö
1095,–ù–õ–ú–ö
1096,–û–°–ï–ï–í–°–ö–ò–ô –†–ê–°–°–ß–ò–¢–´–í–ê–ï–¢
1097,–ö–æ–º–ø–∞–Ω–∏–∏ –Ω–µ –Ω–∞–π–¥–µ–Ω—ã
1098,–û—Ç–∫—Ä—ã—Ç–∏—è
1099,–ö–æ–º–ø–∞–Ω–∏–∏ –Ω–µ –Ω–∞–π–¥–µ–Ω—ã
1100,–ù–õ–ú–ö
1101,–ù–õ–ú–ö
1102,–ù–õ–ú–ö
1103,–ï–∫–∞—Ç–µ—Ä–∏–Ω–∞–ö—Ä—ã–ª–æ–≤–∞  –ê–Ω–∞–ª–∏—Ç–∏—á–µ—Å–∫–∏–π –¶–µ–Ω—Ç—Ä
1104,–ú–æ—Å–±–∏—Ä–∂–∏
1105,–¶–ò–ê–ù—É
1106,–ü–°–ë
1107,–†–î–í
1108,–§–ê–°
1109,–ö–æ–º–ø–∞–Ω–∏–∏ –Ω–µ –Ω–∞–π–¥–µ–Ω—ã
1110,Alphaliner
1111,–ë–ö–°
1112,Fix Price
1113,–¶–ë
1114,–¶–ë
1115,–ë–ö–°
1116,Fix Price
1117,Globaltrans
1118,Globaltrans
1119,–ú–µ—á–µ–ª
1120,–ú–µ—á–µ–ª
1121,–ü–°–ë
1122,–ú–æ—Å–ë–∏—Ä–∂–∏
1123,–ú–æ—Å–ë–∏—Ä–∂–∏
1124,"–û–ê–û """"–†–æ—Å—Å–∏–π—Å–∫–∏–µ –∂–µ–ª–µ–∑–Ω—ã–µ –¥–æ—Ä–æ–≥–∏"""
1125,X5 Group (FIVE)
1126,X5 Group (FIVE)
1127,X5 Group (FIVE)
1128,X5 Group (FIVE)
1129,X5 Group (FIVE)
1130,Novabev
1131,Novabev
1132,–ö–æ–º–ø–∞–Ω–∏–∏ –Ω–µ –Ω–∞–π–¥–µ–Ω—ã
1133,–ú–æ—Å–∫–æ–≤—Å–∫–∞—è –±–∏—Ä–∂–∞
1134,–ö–æ–º–ø–∞–Ω–∏–∏ –Ω–µ –Ω–∞–π–¥–µ–Ω—ã
1135,–¢—Ä–∞–Ω—Å–Ω–µ—Ñ—Ç–∏
1136,–†—É—Å–ì–∏–¥—Ä–æ
1137,–†—É—Å–ì–∏–¥—Ä–æ
1138,–¶–ë
1139,–¶–ë
1140,–ú–õ–†–î –†–£–ë
1141,–ú–∏–Ω—ç–Ω–µ—Ä–≥–æ
1142,–õ—É–∫–æ–π–ª–∞
1143,–õ—É–∫–æ–π–ª–∞
1144,–ú–õ–†–î –†–£–ë
1145,–ö–æ–º–ø–∞–Ω–∏–∏ –Ω–µ –Ω–∞–π–¥–µ–Ω—ã
1146,–í–¢–ë
1147,–≥–∞–∑–ø—Ä–æ–º - —à–æ—Ä—Ç
1148,–≥–∞–∑–ø—Ä–æ–º - —à–æ—Ä—Ç
1149,–ù–æ—á–Ω–æ–µ –¥–µ–∂—É—Ä—Å—Ç–≤–æ
1150,–ù–æ—á–Ω–æ–µ –¥–µ–∂—É—Ä—Å—Ç–≤–æ
1151,MGNT
1152,–ú–∏–Ω–ø—Ä–æ–º—Ç–æ—Ä–≥
1153,–§–æ—Å–ê–≥—Ä–æ
1154,–ú–ú–ö
1155,–ö–ò–í–ò –ë–∞–Ω–∫–∞
1156,USD/RUB
1157,–í–¢–ë
1158,Polymetal
1159,MOEX: UPRO
1160,–†–æ—Å–Ω–µ—Ñ—Ç–∏
1161,"–ü–ê–û """"–Æ–Ω–∏–ø—Ä–æ"""
1162,–†–£–°–°–ù–ï–§–¢–¨
1163,Fix Price
1164,Fix Price
1165,Fix Price
1166,–ú–æ—Å–ë–∏—Ä–∂–∏
1167,–ú–æ—Å–ë–∏—Ä–∂–∏
1168,–ú–æ—Å–ë–∏—Ä–∂–∏
1169,–ú–æ—Å–ë–∏—Ä–∂–∏
1170,–ú–æ—Å–ë–∏—Ä–∂–∏
1171,–ú–æ—Å–ë–∏—Ä–∂–∏
1172,–ü–ê–û ¬´–ú–æ—Å–∫–æ–≤—Å–∫–∞—è –±–∏—Ä–∂–∞¬ª
1173,Ozon
1174,–†–∞–π–¥–¢–µ—Ö
1175,–ú–∞–≥–Ω–∏—Ç–æ–º
1176,–ú–æ–∑–≥–æ–≤–æ–π –¶–µ–Ω—Ç—Ä –°–∏–≥–Ω–∞–ª–æ–≤
1177,–†–æ—Å–±–∞–Ω–∫
1178,‚ùó
1179,–ù–û–í–ê–¢–≠–ö
1180,–ù–û–í–ê–¢–≠–ö
1181,–ù–û–í–ê–¢–≠–ö
1182,–ù–û–í–ê–¢–≠–ö
1183,–†–∞—Å–ø–∞–¥—Å–∫–æ–π
1184,–†–∞—Å–ø–∞–¥—Å–∫–æ–π
1185,–ü—è—Ç–µ—Ä–æ—á–∫–∞
1186,–§–æ—Ä–≤–∞—Ä–¥-–º–∞—Ä–∫–µ—Ç
1187,X5 Group
1188,–í–¢–ë
1189,–î–µ–ª–∏–º–æ–±–∏–ª—å
1190,–ú–µ–Ω–µ–¥–∂–º–µ–Ω—Ç
1191,–ì–ö ¬´–ü–ò–ö¬ª
1192,–°–∞–º–æ–ª–µ—Ç (SMLT)
1193,–î–ï–õ–ò–ú–û–ë–ò–õ–¨
1194,–§–µ–¥–µ—Ä–∞–ª—å–Ω–æ–º—É —Å–æ–±—Ä–∞–Ω–∏—é
1195,–§–µ–¥–µ—Ä–∞–ª—å–Ω–æ–º—É —Å–æ–±—Ä–∞–Ω–∏—é
1196,–§–µ–¥–µ—Ä–∞–ª—å–Ω–æ–º—É —Å–æ–±—Ä–∞–Ω–∏—é
1197,–†–æ—Å–Ω–µ—Ñ—Ç–∏
1198,Globaltrans
1199,–ú–æ—Å–ë–∏—Ä–∂–∏
1200,–ú–æ—Å–ë–∏—Ä–∂–∏
1201,Whoosh
1202,–Ø–Ω–¥–µ–∫—Å
1203,–Ø–Ω–¥–µ–∫—Å
1204,üü¢ –ù–æ–≤–æ—Å—Ç–∏
1205,–†–æ—Å–Ω–µ—Ñ—Ç–∏
1206,–†–æ—Å–Ω–µ—Ñ—Ç–∏
1207,–†–æ—Å–Ω–µ—Ñ—Ç—å
1208,–†–æ—Å–Ω–µ—Ñ—Ç—å
1209,–†—É—Å–ê–≥—Ä–æ
1210,IoT
1211,–ö–æ–º–ø–∞–Ω–∏–∏ –Ω–µ –Ω–∞–π–¥–µ–Ω—ã
1212,Sberbank CZ
1213,‚Äãüè¶ –°–±–µ—Ä–±–∞–Ω–∫ (SBER)
1214,–ì–∞–∑–ø—Ä–æ–º –Ω–µ—Ñ—Ç—å ‚Äî
1215,–ß–∏—Å—Ç–∞—è –ø—Ä–∏–±—ã–ª—å
1216,–ß–∏—Å—Ç–∞—è –ø—Ä–∏–±—ã–ª—å
1217,Top News
1218,Top News
1219,Top News
1220,–ú–æ—Å–ë–∏—Ä–∂–∏
1221,–ú–æ—Å–ë–∏—Ä–∂–∏
1222,–ö–û–ù–°–ï–ù–°–£–°
1223,–°—É—Ä–≥—É—Ç–Ω–µ—Ñ—Ç–µ–≥–∞–∑
1224,–¢–∞—Ç–Ω–µ—Ñ—Ç—å –∞–ø  –û–±—ä—ë–º
1225,TCS Group
1226,–ú–æ—Å–±–∏—Ä–∂–∏
1227,–ú–æ—Å–±–∏—Ä–∂–∏
1228,–¢–∏–Ω—å–∫–æ—Ñ—Ñ
1229,–ö–∞–∑—Ç—Ä–∞–Ω—Å–æ–π–ª
1230,‚ùó
1231,–¢—Ä–∞–Ω—Å–Ω–µ—Ñ—Ç–∏
1232,–ú–æ—Å–ë–∏—Ä–∂–∏
1233,–ú–æ—Å–ë–∏—Ä–∂–∏
1234,–ö–æ–º–ø–∞–Ω–∏–∏ –Ω–µ –Ω–∞–π–¥–µ–Ω—ã
1235,–ö–æ–º–ø–∞–Ω–∏–∏ –Ω–µ –Ω–∞–π–¥–µ–Ω—ã
1236,–†–î–í
1237,–Ø–Ω–¥–µ–∫—Å–∞
1238,–ú–æ—Å–∫–æ–≤—Å–∫–æ–π –±–∏—Ä–∂–µ
1239,–ê–ù–ö ¬´–ë–∞—à–Ω–µ—Ñ—Ç—å¬ª
1240,–ö–æ–º–ø–∞–Ω–∏–∏ –Ω–µ –Ω–∞–π–¥–µ–Ω—ã
1241,–í–¢–ë (VTBR)
1242,–í–¢–ë (VTBR)
1243,–ö–æ–º–ø–∞–Ω–∏–∏ –Ω–µ –Ω–∞–π–¥–µ–Ω—ã
1244,–ö–æ–º–ø–∞–Ω–∏–∏ –Ω–µ –Ω–∞–π–¥–µ–Ω—ã
1245,–ö–æ–º–ø–∞–Ω–∏–∏ –Ω–µ –Ω–∞–π–¥–µ–Ω—ã
1246,–°–î–≠–ö
1247,X5 Retail Group -  
1248,–ß–µ—Ä–∫–∏–∑–æ–≤–æ
1249,–†—É—Å–≥–∏–¥—Ä–æ
1250,–†—É—Å–ì–∏–¥—Ä–æ
1251,–ú–°–§–û 9–º–µ—Å2023
1252,–†—É—Å–≥–∏–¥—Ä–æ - –ú–°–§–û
1253,–ñ–∏–°
1254,üí∞
1255,üí∞
1256,–ü–ê–û ¬´–õ—É–∫–æ–π–ª¬ª –¢–∏–∫–µ—Ä: LKOH –ò–¥–µ—è: Long ‚¨ÜÔ∏è –°—Ä–æ–∫ –∏–¥–µ–∏: 3-4
1257,–ì–∞–∑–ø—Ä–æ–º –Ω–µ—Ñ—Ç–∏
1258,–ú–æ—Å–±–∏—Ä–∂–∏
1259,–ú–æ—Å–±–∏—Ä–∂–∏
1260,–ò–¢–û–ì–û
1261,–ü—Ä–æ—Ñ–∏—Ç–µ
1262,–ü—Ä–æ—Ñ–∏—Ç–µ
1263,–ù–õ–ú–ö
1264,–ù–õ–ú–ö
1265,–ù–õ–ú–ö
1266,Top News
1267,–°–±–µ—Ä–±–∞–Ω–∫
1268,–ö–æ–º–ø–∞–Ω–∏–∏ –Ω–µ –Ω–∞–π–¥–µ–Ω—ã
1269,Globaltrans
1270,Ozon
1271,–û–≠–°–†
1272,–û–≠–°–†
1273,Ecomcom
1274,Ozon
1275,–¢–ê–°–°
1276,–ú–æ–∑–≥–æ–≤–æ–π —Ü–µ–Ω—Ç—Ä
1277,–ö–æ–º–ø–∞–Ω–∏–∏ –Ω–µ –Ω–∞–π–¥–µ–Ω—ã
1278,–†–¶–ë
1279,–û—Ç–∫—Ä—ã—Ç–∏–µ
1280,–°–æ–≤–∫–æ–º–±–∞–Ω–∫
1281,–û—Ç–∫—Ä—ã—Ç–∏–µ
1282,Qiwi
1283,–í–¢–ë
1284,–†–æ—Å–∫–æ–º–Ω–∞–¥–∑–æ—Ä
1285,–ö–æ–º–ø–∞–Ω–∏–∏ –Ω–µ –Ω–∞–π–¥–µ–Ω—ã
1286,Ozon
1287,Ozon
1288,Ozon
1289,–ù–æ—Ä–Ω–∏–∫–µ–ª—è
1290,–†–æ—Å—Å–µ—Ç–∏
1291,–†–æ—Å—Å–µ—Ç–∏
1292,–ü–æ–ª—é—Å–∞
1293,–ù–æ—Ä–Ω–∏–∫–µ–ª—å
1294,–ù–æ—Ä–Ω–∏–∫–µ–ª—å
1295,–ù–æ—Ä–Ω–∏–∫–µ–ª—å
1296,–ü–ê–û ¬´–ì—Ä—É–ø–ø–∞ –ü–æ–∑–∏—Ç–∏–≤¬ª
1297,–ö–æ–º–ø–∞–Ω–∏–∏ –Ω–µ –Ω–∞–π–¥–µ–Ω—ã
1298,–ì–ú–ö
1299,–ö–æ–º–ø–∞–Ω–∏–∏ –Ω–µ –Ω–∞–π–¥–µ–Ω—ã
1300,–ù–æ—Ä–∏–ª—å—Å–∫–∏–π –Ω–∏–∫–µ–ª—å
1301,–ö–æ–º–ø–∞–Ω–∏–∏ –Ω–µ –Ω–∞–π–¥–µ–Ω—ã
1302,Ozon
1303,Ozon
1304,–†–£–°–ê–õ
1305,–Ø–Ω–¥–µ–∫—Å–∞
1306,–Ø–Ω–¥–µ–∫—Å–∞
1307,VK
1308,–ö–æ–º–ø–∞–Ω–∏–∏ –Ω–µ –Ω–∞–π–¥–µ–Ω—ã
1309,–ö–æ–º–ø–∞–Ω–∏–∏ –Ω–µ –Ω–∞–π–¥–µ–Ω—ã
1310,üü¢ –ù–æ–≤–æ—Å—Ç–∏
1311,–ö–æ–º–ø–∞–Ω–∏–∏ –Ω–µ –Ω–∞–π–¥–µ–Ω—ã
1312,–Ø–Ω–¥–µ–∫—Å.–¢–∞–∫—Å–∏
1313,–°–æ–≤–µ—Ç –¥–∏—Ä–µ–∫—Ç–æ—Ä–æ–≤
1314,–†—É—Å—Å–Ω–µ—Ñ—Ç–∏
1315,–†—É—Å—Å–Ω–µ—Ñ—Ç—å
1316,OZON
1317,–ö–æ–º–ø–∞–Ω–∏–∏ –Ω–µ –Ω–∞–π–¥–µ–Ω—ã
1318,Ozon
1319,–¢–∏–Ω—å–∫–æ—Ñ—Ñ
1320,–¢—Ä–∞–Ω—Å–Ω–µ—Ñ—Ç—å
1321,Top News
1322,Top News
1323,Top News
1324,–ü–ê–û ¬´–°–ü–ë –ë–∏—Ä–∂–∞¬ª
1325,–ö–æ–º–ø–∞–Ω–∏–∏ –Ω–µ –Ω–∞–π–¥–µ–Ω—ã
1326,–ö–æ–º–ø–∞–Ω–∏–∏ –Ω–µ –Ω–∞–π–¥–µ–Ω—ã
1327,–ú–æ—Å–ë–∏—Ä–∂–∏
1328,–ú–æ—Å–ë–∏—Ä–∂–∏
1329,–ú–æ—Å–ë–∏—Ä–∂–∏
1330,–ú–æ—Å–ë–∏—Ä–∂–∏
1331,X5 Group
1332,X5 Group
1333,NASDAQ
1334,NASDAQ
1335,–°–∞–º–æ–ª–µ—Ç
1336,–°–∞–º–æ–ª–µ—Ç
1337,–®–ø–∏–æ–Ω–æ–º –†–¶–ë
1338,–ö–æ–º–ø–∞–Ω–∏–∏ –Ω–µ –Ω–∞–π–¥–µ–Ω—ã
1339,–°–∞–º–æ–ª–µ—Ç
1340,–†–æ—Å–Ω–µ—Ñ—Ç–∏
1341,ITS
1342,–ö–æ–º–ø–∞–Ω–∏–∏ –Ω–µ –Ω–∞–π–¥–µ–Ω—ã
1343,–ö–æ–º–ø–∞–Ω–∏–∏ –Ω–µ –Ω–∞–π–¥–µ–Ω—ã
1344,üü¢ –ù–æ–≤–æ—Å—Ç–∏
1345,–°–ü–ë
1346,–ì–†–£–ü–ü–ê
1347,–ü–ê–û ¬´–°–ü–ë –ë–∏—Ä–∂–∞¬ª
1348,–°–ü–ë –ë–∏—Ä–∂–∞
1349,–ö–æ–º–ø–∞–Ω–∏–∏ –Ω–µ –Ω–∞–π–¥–µ–Ω—ã
1350,–ú–æ—Å–ë–∏—Ä–∂–∏
1351,–ú–æ—Å–ë–∏—Ä–∂–∏
1352,–ú–æ—Å–ë–∏—Ä–∂–∏
1353,Alibaba
1354,–°–ü–ë –±–∏—Ä–∂–µ
1355,–†–æ—Å–Ω–µ—Ñ—Ç—å
1356,–í–¢–ë
1357,–í–¢–ë
1358,–í–¢–ë
1359,–°–±–µ—Ä–±–∞–Ω–∫-–∞–æ
1360,–°–±–µ—Ä–±–∞–Ω–∫-–∞–æ
1361,–°–±–µ—Ä–±–∞–Ω–∫-–∞–æ
1362,–ê–ö–ò–¢
1363,–ê–ö–ò–¢
1364,–¢–∏–Ω—å–∫–æ—Ñ—Ñ –ë–∞–Ω–∫–∞
1365,–ú–°–§–û
1366,–†–î–í
1367,üü¢ –ù–æ–≤–æ—Å—Ç–∏
1368,–ö–æ–º–ø–∞–Ω–∏–∏ –Ω–µ –Ω–∞–π–¥–µ–Ω—ã
1369,Henderson
1370,–ö–æ–º–ø–∞–Ω–∏–∏ –Ω–µ –Ω–∞–π–¥–µ–Ω—ã
1371,"–ò–§"""
1372,–ö–æ–º–ø–∞–Ω–∏–∏ –Ω–µ –Ω–∞–π–¥–µ–Ω—ã
1373,–ù–õ–ú–ö
1374,–õ–°–†
1375,–ú–∏–Ω—Ñ–∏–Ω–∞
1376,–õ–°–†
1377,–õ–°–†
1378,–£–§–ê–°
1379,–£–§–ê–°
1380,–£–§–ê–°
1381,–ú–¢–°-–±–∞–Ω–∫–∞
1382,–¢—Ä–∞–Ω—Å–Ω–µ—Ñ—Ç–∏
1383,–ú–°–§–û
1384,–ú–°–§–û
1385,VK Company
1386,–ú–æ—Å–ë–∏—Ä–∂–∏
1387,–ú–æ—Å–ë–∏—Ä–∂–∏
1388,–ú–æ—Å–ë–∏—Ä–∂–∏
1389,–Ø–Ω–¥–µ–∫—Å
1390,–ö–û–ú–ü–ê–ù–ò–ò –ü–ê–ù–ò–ù–ê  –ò–Ω—Ç–µ—Ä –†–ê–û
1391,–ú–°–§–û
1392,–ú–°–§–û
1393,HeadHunter
1394,HeadHunter
1395,HeadHunter
1396,HeadHunter
1397,–ú–µ–≥–∞–º–∞—Ä–∫–µ—Ç
1398,–ê–¢–¢ üòâ
1399,–Ø–Ω–¥–µ–∫—Å
1400,–ö–æ–º–ø–∞–Ω–∏–∏ –Ω–µ –Ω–∞–π–¥–µ–Ω—ã
1401,YNDX
1402,–ì–æ—Ä—è—á—É—é –¥–µ—Å—è—Ç–∫—É
1403,–ì–æ—Ä—è—á—É—é –¥–µ—Å—è—Ç–∫—É
1404,–ì–æ—Ä—è—á—É—é –¥–µ—Å—è—Ç–∫—É
1405,–ì–æ—Ä—è—á—É—é –¥–µ—Å—è—Ç–∫—É
1406,–†—É—Å–∞–≥—Ä–æ
1407,–†—É—Å–∞–≥—Ä–æ
1408,–ê–õ–†–û–°–ê
1409,–ê–õ–†–û–°–ê
1410,–ö–æ–º–ø–∞–Ω–∏–∏ –Ω–µ –Ω–∞–π–¥–µ–Ω—ã
1411,–ö–æ–º–ø–∞–Ω–∏–∏ –Ω–µ –Ω–∞–π–¥–µ–Ω—ã
1412,–ö–æ–º–ø–∞–Ω–∏–∏ –Ω–µ –Ω–∞–π–¥–µ–Ω—ã
1413,–ö–æ–º–ø–∞–Ω–∏–∏ –Ω–µ –Ω–∞–π–¥–µ–Ω—ã
1414,–ö–æ–º–ø–∞–Ω–∏–∏ –Ω–µ –Ω–∞–π–¥–µ–Ω—ã
1415,–ö–æ–º–ø–∞–Ω–∏–∏ –Ω–µ –Ω–∞–π–¥–µ–Ω—ã
1416,–ö–æ–º–ø–∞–Ω–∏–∏ –Ω–µ –Ω–∞–π–¥–µ–Ω—ã
1417,–ö–æ–º–ø–∞–Ω–∏–∏ –Ω–µ –Ω–∞–π–¥–µ–Ω—ã
1418,–ê–õ–†–û–°–ê
1419,–ê–õ–†–û–°–ê
1420,–ê–õ–†–û–°–ê
1421,–ú–°–§–û
1422,–ñ–∏–°
1423,–ê–õ–†–û–°–ê  –û–±—ä—ë–º
1424,–ú–∏–Ω—Ñ–∏–Ω
1425,De Beers
1426,–ê–õ–†–û–°–ê
1427,–°–ü–ë –±–∏—Ä–∂–∏
1428,–Ø–Ω–¥–µ–∫—Å
1429,–ö–æ–º–ø–∞–Ω–∏–∏ –Ω–µ –Ω–∞–π–¥–µ–Ω—ã
1430,–ö–æ–º–ø–∞–Ω–∏–∏ –Ω–µ –Ω–∞–π–¥–µ–Ω—ã
1431,–ù–õ–ú–ö
1432,–ù–õ–ú–ö
1433,–ù–õ–ú–ö
1434,–ù–õ–ú–ö
1435,–ù–õ–ú–ö
1436,–ú–æ—Å–ë–∏—Ä–∂–∏
1437,X5 Retail Group (X5 Group
1438,–ú–æ—Å–ë–∏—Ä–∂–∏
1439,–ú–æ—Å–ë–∏—Ä–∂–∏
1440,Fix Price
1441,–ß–µ—Ä–∫–∏–∑–æ–≤–æ
1442,üü¢ –ù–æ–≤–æ—Å—Ç–∏
1443,üü¢ –ù–æ–≤–æ—Å—Ç–∏
1444,–ù–æ—Ä–Ω–∏–∫–µ–ª—è
1445,–ù–æ—Ä–Ω–∏–∫–µ–ª—è
1446,‚ö™Ô∏è –°–æ–≤–µ—Ç –¥–∏—Ä–µ–∫—Ç–æ—Ä–æ–≤
1447,–ú–¢–°
1448,–ú–¢–°
1449,–§–ê–°
1450,–§–ê–°
1451,–§–ê–°
1452,–ì–∞–∑–ø—Ä–æ–º–∞
1453,–ú–æ—Å–ë–∏—Ä–∂–∏
1454,–ú–æ—Å–ë–∏—Ä–∂–∏
1455,–ú–æ—Å–ë–∏—Ä–∂–∏
1456,–ö–æ–º–ø–∞–Ω–∏–∏ –Ω–µ –Ω–∞–π–¥–µ–Ω—ã
1457,–ö–æ–º–ø–∞–Ω–∏–∏ –Ω–µ –Ω–∞–π–¥–µ–Ω—ã
1458,–ù–æ—Ä–Ω–∏–∫–µ–ª—å
1459,–ù–æ—Ä–Ω–∏–∫–µ–ª—å
1460,–û–ü–ï–ö+
1461,–ö–æ–º–ø–∞–Ω–∏–∏ –Ω–µ –Ω–∞–π–¥–µ–Ω—ã
1462,Ozon
1463,–°–ü–ë
1464,Ozon
1465,–ú–æ—Å–ë–∏—Ä–∂–∏
1466,–ú–æ—Å–ë–∏—Ä–∂–∏
1467,–ú–æ—Å–ë–∏—Ä–∂–∏
1468,–°–ª–∞–≤–Ω–µ—Ñ—Ç—å
1469,–°–ª–∞–≤–Ω–µ—Ñ—Ç—å
1470,–ö–æ–º–ø–∞–Ω–∏–∏ –Ω–µ –Ω–∞–π–¥–µ–Ω—ã
1471,–†–æ—Å–Ω–µ—Ñ—Ç–∏
1472,–ö–æ–º–ø–∞–Ω–∏–∏ –Ω–µ –Ω–∞–π–¥–µ–Ω—ã
1473,–ß–¢–û
1474,–ú–°–§–û
1475,–ú–°–§–û
1476,–ú–æ—Å–ë–∏—Ä–∂–∏
1477,–†–æ—Å—Ç–µ–ª–µ–∫–æ–º–∞
1478,–†–æ—Å—Ç–µ–ª–µ–∫–æ–º–∞
1479,–†–æ—Å—Ç–µ–ª–µ–∫–æ–º
1480,OZON  ü§ë
1481,–°–µ–ª–∏–≥–¥–∞—Ä
1482,Ozon
1483,–ú–°–§–û
1484,–ê–§–ö –°–∏—Å—Ç–µ–º–∞
1485,–°–µ–≥–µ–∂–∏
1486,–ú–æ–∑–≥–æ–≤–æ–π —Ü–µ–Ω—Ç—Ä
1487,–õ—É–∫–æ–π–ª
1488,–ë–∞—à–Ω–µ—Ñ—Ç–∏
1489,–°–µ–≤–µ—Ä—Å—Ç–∞–ª—å
1490,–ù–ï–§–¢–¨
1491,–¢—Ä–∞–Ω—Å–Ω–µ—Ñ—Ç—å
1492,–ú–æ—Å–ë–∏—Ä–∂–∏
1493,–ú–æ—Å–ë–∏—Ä–∂–∏
1494,–¢—Ä–∞–Ω—Å–Ω–µ—Ñ—Ç—å - –ú–°–§–û
1495,–ú–°–§–û
1496,–ö–æ–º–ø–∞–Ω–∏–∏ –Ω–µ –Ω–∞–π–¥–µ–Ω—ã
1497,NVTK
1498,–ú–°–§–û
1499,–°–û–õ–ò–î
1500,–ê–ö–ê–†
1501,–ê–ö–ê–†
1502,–ï–≤—Ä–æ—Å—Ç–∞—Ç
1503,–Ø–Ω–¥–µ–∫—Å
1504,–§–ê–°
1505,–Ø–Ω–¥–µ–∫—Å
1506,–ö–æ–º–ø–∞–Ω–∏–∏ –Ω–µ –Ω–∞–π–¥–µ–Ω—ã
1507,–ú–°–§–û
1508,–ú–°–§–û
1509,–ö–æ–º–ø–∞–Ω–∏–∏ –Ω–µ –Ω–∞–π–¥–µ–Ω—ã
1510,–ú–æ—Å–∫–æ–≤—Å–∫–æ–π –±–∏—Ä–∂–µ
1511,–ú–æ—Å–∫–æ–≤—Å–∫–æ–π –±–∏—Ä–∂–µ
1512,–ú–æ—Å–∫–æ–≤—Å–∫–æ–π –±–∏—Ä–∂–µ
1513,–ú–æ—Å–∫–æ–≤—Å–∫–æ–π –±–∏—Ä–∂–µ
1514,"–û–ê–û """"–†–ñ–î"""
1515,"–û–ê–û """"–†–ñ–î"""
1516,–ú–°–§–û
1517,–†—É—Å–≥–∏–¥—Ä–æ
1518,–ë–ö–°
1519,–ë–ö–°
1520,Changellenge >> Education
1521,–ú–°–§–û
1522,–í–µ–¥–æ–º–æ—Å—Ç—è–º–∏
1523,–ú–æ—Å–±–∏—Ä–∂–∏
1524,–ú–æ—Å–±–∏—Ä–∂–∏
1525,Ozon
1526,–í—Å–µ–º–∏—Ä–Ω—ã–π —Å–æ–≤–µ—Ç –ø–æ –∑–æ–ª–æ—Ç—É
1527,–í—Å–µ–º–∏—Ä–Ω—ã–π —Å–æ–≤–µ—Ç –ø–æ –∑–æ–ª–æ—Ç—É
1528,POLY
1529,–ö–æ–º–ø–∞–Ω–∏–∏ –Ω–µ –Ω–∞–π–¥–µ–Ω—ã
1530,–§–†–°
1531,–§–†–°
1532,–ú–æ—Å–ë–∏—Ä–∂–∏
1533,–ú–æ—Å–ë–∏—Ä–∂–∏
1534,–ú–æ—Å–ë–∏—Ä–∂–∏
1535,–ú–æ—Å–ë–∏—Ä–∂–∏
1536,–ú–æ—Å–ë–∏—Ä–∂–∏
1537,De Beers
1538,De Beers
1539,De Beers
1540,–ò–Ω–∞—Ä–∫—Ç–∏–∫–∞
1541,–ì—Ä—É–ø–ø–∞ –ê—Å—Ç—Ä–∞
1542,–ì—Ä—É–ø–ø–∞ –ê—Å—Ç—Ä–∞
1543,–°–ü–ë –ë–∏—Ä–∂–∞
1544,Polymetal
1545,Polymetal
1546,Polymetal
1547,Positive Technologies
1548,–ú–°–§–û
1549,–ú–°–§–û
1550,–†–æ—Å–Ω–µ—Ñ—Ç–∏
1551,–†–æ—Å–Ω–µ—Ñ—Ç–∏
1552,–†–æ—Å–Ω–µ—Ñ—Ç—å
1553,–¢–≠–ö
1554,–ë–ö–°
1555,–ë–ö–°
1556,–ë–ö–°
1557,–§–æ–Ω–¥ –º–µ–Ω–µ–¥–∂–µ—Ä–æ–≤
1558,–§–æ–Ω–¥ –º–µ–Ω–µ–¥–∂–µ—Ä–æ–≤
1559,–ú–¢–°
1560,–ú–¢–°
1561,–ú–¢–°
1562,–ú–¢–°
1563,–ú–æ—Å–ë–∏—Ä–∂–∏
1564,–ú–æ—Å–ë–∏—Ä–∂–∏
1565,–ö–æ–º–ø–∞–Ω–∏–∏ –Ω–µ –Ω–∞–π–¥–µ–Ω—ã
1566,–ö–æ–º–ø–∞–Ω–∏–∏ –Ω–µ –Ω–∞–π–¥–µ–Ω—ã
1567,–ö–æ–º–ø–∞–Ω–∏–∏ –Ω–µ –Ω–∞–π–¥–µ–Ω—ã
1568,–ö–æ–º–ø–∞–Ω–∏–∏ –Ω–µ –Ω–∞–π–¥–µ–Ω—ã
1569,–§–æ–Ω–¥ –º–µ–Ω–µ–¥–∂–µ—Ä–æ–≤
1570,YandexGPT
1571,YandexGPT
1572,SberCIB
1573,SberCIB
1574,–ù–∏–∂–µ–≥–æ—Ä–æ–¥—Å–∫–∏–π –ù–ü–ó
1575,–ú–æ—Å–ë–∏—Ä–∂–∏
1576,–ú–æ—Å–ë–∏—Ä–∂–∏
1577,–ò–¢
1578,–ö–æ–º–ø–∞–Ω–∏–∏ –Ω–µ –Ω–∞–π–¥–µ–Ω—ã
1579,–ö–æ–º–ø–∞–Ω–∏–∏ –Ω–µ –Ω–∞–π–¥–µ–Ω—ã
1580,SGZH
1581,–û–ü–ï–ö+
1582,–°–∞–º–æ–ª–µ—Ç–∞
1583,–°–∞–º–æ–ª–µ—Ç–∞
1584,–ú–°–§–û
1585,–ú–°–§–û
1586,–ö–æ–º–ø–∞–Ω–∏–∏ –Ω–µ –Ω–∞–π–¥–µ–Ω—ã
1587,–í–´–†–£–ß–ö–ê
1588,–ê–ª—å—Ñ–∞-–ë–∞–Ω–∫
1589,–ê–ª—å—Ñ–∞-–ë–∞–Ω–∫
1590,üîª
1591,CPI
1592,CPI
1593,CPI
1594,–ù–æ—Ä–Ω–∏–∫–µ–ª—å
1595,–ù–æ—Ä–Ω–∏–∫–µ–ª—å
1596,–°–µ–≤–µ—Ä—Å—Ç–∞–ª—å
1597,–¶–ë
1598,–ö–æ–º–ø–∞–Ω–∏–∏ –Ω–µ –Ω–∞–π–¥–µ–Ω—ã
1599,FESCO
1600,–ú–æ—Å–ë–∏—Ä–∂–∏
1601,–ú–æ—Å–ë–∏—Ä–∂–∏
1602,–ú–æ—Å–ë–∏—Ä–∂–∏
1603,–ö–æ–º–ø–∞–Ω–∏–∏ –Ω–µ –Ω–∞–π–¥–µ–Ω—ã
1604,–ì–ú–ö
1605,–ì–ú–ö
1606,–ú–æ—Å–±–∏—Ä–∂–∏
1607,–ú–æ—Å–±–∏—Ä–∂–∏
1608,–ú–æ—Å–±–∏—Ä–∂–∏
1609,–†—É—Å–∞–ª (RUAL)
1610,–ö–æ–º–ø–∞–Ω–∏–∏ –Ω–µ –Ω–∞–π–¥–µ–Ω—ã
1611,–ö–æ–º–ø–∞–Ω–∏–∏ –Ω–µ –Ω–∞–π–¥–µ–Ω—ã
1612,–ü—Ä–æ—Ñ–∏—Ç–µ
1613,–ü—Ä–æ—Ñ–∏—Ç–µ
1614,–ü—Ä–æ—Ñ–∏—Ç–µ
1615,ITS
1616,–ù–æ—Ä–Ω–∏–∫–µ–ª—å
1617,–ù–æ—Ä–Ω–∏–∫–µ–ª—å
1618,–í–¢–ë MOEX
1619,–°–µ–≤–µ—Ä—Å—Ç–∞–ª–∏
1620,–ñ–∏–°
1621,Wildberries
1622,–ì–∞–∑–ø—Ä–æ–º
1623,Schnabel (–ï–¶–ë)
1624,VK  –í–¢–ë
1625,VK  –í–¢–ë
1626,–†–æ—Å–Ω–µ—Ñ—Ç–∏
1627,–ú–æ—Å–ë–∏—Ä–∂–∏
1628,–ú–æ—Å–ë–∏—Ä–∂–∏
1629,–°–ë–ï–†–ë–ê–ù–ö
1630,–°—á–µ—Ç–Ω–∞—è –ø–∞–ª–∞—Ç–∞
1631,–¶–§–ê
1632,–Ø–Ω–¥–µ–∫—Å
1633,–Ø–Ω–¥–µ–∫—Å
1634,–Ø–Ω–¥–µ–∫—Å –¥—Ä–∞–π–≤
1635,Amazon
1636,–Æ—Ä–µ–Ω—Ç
1637,–í–¢–ë
1638,Nasdaq
1639,Nasdaq
1640,–¢–∞—Ç–Ω–µ—Ñ—Ç—å
1641,SBER
1642,SBER
1643,SBER
1644,SBER
1645,–ö–æ–º–ø–∞–Ω–∏–∏ –Ω–µ –Ω–∞–π–¥–µ–Ω—ã
1646,–°–±–µ—Ä–±–∞–Ω–∫
1647,–°–±–µ—Ä–±–∞–Ω–∫
1648,–°–±–µ—Ä–±–∞–Ω–∫
1649,–°–±–µ—Ä–±–∞–Ω–∫
1650,–°–±–µ—Ä–±–∞–Ω–∫
1651,–ì–∞–∑–ø—Ä–æ–º –Ω–µ—Ñ—Ç—å
1652,–ö–æ–º–ø–∞–Ω–∏–∏ –Ω–µ –Ω–∞–π–¥–µ–Ω—ã
1653,–í–¢–ë
1654,–í–¢–ë
1655,–ú–æ—Å–±–∏—Ä–∂–∏
1656,–ú–æ—Å–±–∏—Ä–∂–∏
1657,–ü–æ–ª–∏–º–µ—Ç–∞–ª–ª
1658,–í–¢–ë
1659,–ê—ç—Ä–æ—Ñ–ª–æ—Ç–∞
1660,–ê—ç—Ä–æ—Ñ–ª–æ—Ç–∞
1661,–ê—ç—Ä–æ—Ñ–ª–æ—Ç–∞
1662,–ê—ç—Ä–æ—Ñ–ª–æ—Ç–∞
1663,üü¢ –ù–æ–≤–æ—Å—Ç–∏
1664,üü¢ –ù–æ–≤–æ—Å—Ç–∏
1665,üü¢
1666,–û–ü–ï–ö
1667,–û–ü–ï–ö
1668,–û–ü–ï–ö
1669,–í–¢–ë
1670,–°–ú–ü
1671,–°–ú–ü
1672,‚ùó
1673,‚ùó
1674,–ö–æ–º–ø–∞–Ω–∏–∏ –Ω–µ –Ω–∞–π–¥–µ–Ω—ã
1675,–ú–æ—Å–ë–∏—Ä–∂–∏
1676,–ú–æ—Å–ë–∏—Ä–∂–∏
1677,–ú–æ—Å–ë–∏—Ä–∂–∏
1678,–°–±–µ—Ä–±–∞–Ω–∫
1679,–í–¢–ë
1680,–ë–∞–Ω–∫–∞ –í–¢–ë (–ü–ê–û)
1681,–í–¢–ë
1682,–õ–£–ö–û–ô–õ–∞
1683,–ù–ï–§–¢–¨
1684,–ù–ï–§–¢–¨
1685,–ù–ï–§–¢–¨
1686,–ù–ï–§–¢–¨
1687,–ù–ï–§–¢–¨
1688,–ù–ï–§–¢–¨
1689,–ú–æ—Å–±–∏—Ä–∂–µ
1690,–Ø–Ω–¥–µ–∫—Å
1691,–ú–æ—Å–±–∏—Ä–∂–∏
1692,–ú–æ—Å–ë–∏—Ä–∂–∏
1693,–ú–ú–ö
1694,–°–±–µ—Ä–±–∞–Ω–∫–∞
1695,–Ø–Ω–¥–µ–∫—Å
1696,–†—É—Å–∞–≥—Ä–æ
1697,–†–æ—Å–±–∞–Ω–∫–∞
1698,–ü–ê–û ¬´–ü–æ–ª—é—Å¬ª
1699,De Beers
1700,PMI
1701,PMI
1702,PMI
1703,–í–¢–ë (VTBR)
1704,–í–¢–ë (VTBR)
1705,–í–¢–ë (VTBR)
1706,–í–¢–ë (VTBR)
1707,–í–¢–ë (VTBR)
1708,–í–¢–ë (VTBR)
1709,–í–¢–ë (VTBR)
1710,–í–¢–ë (VTBR)
1711,–í–¢–ë (VTBR)
1712,–í–¢–ë (VTBR)
1713,–í–¢–ë (VTBR)
1714,–ö–æ–º–ø–∞–Ω–∏–∏ –Ω–µ –Ω–∞–π–¥–µ–Ω—ã
1715,–ü–ê–û ¬´–°–µ–≤–µ—Ä—Å—Ç–∞–ª—å¬ª
1716,–°–æ–≤–∫–æ–º—Ñ–ª–æ—Ç–∞
1717,–ö–æ–º–ø–∞–Ω–∏–∏ –Ω–µ –Ω–∞–π–¥–µ–Ω—ã
1718,–ú–°–§–û
1719,–ú–æ—Å–ë–∏—Ä–∂–∏
1720,–°–æ–≤–∫–æ–º—Ñ–ª–æ—Ç
1721,–°–î
1722,–°–î
1723,–ö–æ–º–ø–∞–Ω–∏–∏ –Ω–µ –Ω–∞–π–¥–µ–Ω—ã
1724,–†–î–í
1725,–°–ù–ì
1726,–ö–æ–º–ø–∞–Ω–∏–∏ –Ω–µ –Ω–∞–π–¥–µ–Ω—ã
1727,–ö–æ–º–ø–∞–Ω–∏–∏ –Ω–µ –Ω–∞–π–¥–µ–Ω—ã
1728,–ì–û–°–ê
1729,–†–û–°–¢–ï–õ–ï–ö–û–ú–ê
1730,–†—É—Å–∞–≥—Ä–æ
1731,–†—É—Å–∞–≥—Ä–æ
1732,–†—É—Å–∞–≥—Ä–æ
1733,–†—É—Å–∞–≥—Ä–æ
1734,–†—É—Å–∞–≥—Ä–æ
1735,MGNT
1736,–ú–æ—Å–∫–æ–≤—Å–∫–æ–π –±–∏—Ä–∂–µ
1737,–†–∞—Å–ø–∞–¥—Å–∫–æ–π
1738,–†–∞—Å–ø–∞–¥—Å–∫–æ–π
1739,–†–∞—Å–ø–∞–¥—Å–∫–æ–π
1740,–ú–æ—Å–±–∏—Ä–∂–∏
1741,–ú–æ—Å–±–∏—Ä–∂–∏
1742,–ú–æ—Å–∫–æ–≤—Å–∫–∞—è –±–∏—Ä–∂–∞
1743,–ö–æ–º–ø–∞–Ω–∏–∏ –Ω–µ –Ω–∞–π–¥–µ–Ω—ã
1744,ATH
1745,–ú–æ—Å–ë–∏—Ä–∂–∏
1746,–ú–æ—Å–ë–∏—Ä–∂–∏
1747,–ú–æ—Å–ë–∏—Ä–∂–∏
1748,–ú–æ—Å–ë–∏—Ä–∂–∏
1749,–ú–æ—Å–ë–∏—Ä–∂–∏
1750,–ú–æ—Å–ë–∏—Ä–∂–∏
1751,IMOEX
1752,–ë–ö–°
1753,–ù–õ–ú–ö
1754,–ú–°–§–û
1755,–ö–æ–º–ø–∞–Ω–∏–∏ –Ω–µ –Ω–∞–π–¥–µ–Ω—ã
1756,–ë–∞–Ω–∫–∞ –†–æ—Å—Å–∏–∏
1757,CPI
1758,CPI
1759,–ú–°–§–û
1760,–ö–æ–º–ø–∞–Ω–∏–∏ –Ω–µ –Ω–∞–π–¥–µ–Ω—ã
1761,–†–∞—Å–ø–∞–¥—Å–∫–æ–π
1762,–õ—É–∫–æ–π–ª–∞
1763,–õ–£–ö–û–ô–õ–∞
1764,–ê–ö–¶–ò–Æ - –ö–û–ú–ü–ê–ù–ò–Ø
1765,–ü–æ–ª—é—Å
1766,–ü–û–õ–Æ–°
1767,–ê–ª—å—Ñ–∞-–ò–Ω–≤–µ—Å—Ç–∏—Ü–∏–π
1768,–ê–ü
1769,–ú–ú–ö
1770,–ú–æ–∏ –ò–Ω–≤–µ—Å—Ç–∏—Ü–∏–∏
1771,–°–æ–≤–µ—Ç –¥–∏—Ä–µ–∫—Ç–æ—Ä–æ–≤
1772,–ú–ú–ö
1773,–°–æ–≤–µ—Ç –¥–∏—Ä–µ–∫—Ç–æ—Ä–æ–≤
1774,–°–±–µ—Ä
1775,–ù–ï–§–¢–¨
1776,–ù–ï–§–¢–¨
1777,–ú–∞–≥–Ω–∏—Ç
1778,–ö–æ–º–ø–∞–Ω–∏–∏ –Ω–µ –Ω–∞–π–¥–µ–Ω—ã
1779,–ö–æ–º–ø–∞–Ω–∏–∏ –Ω–µ –Ω–∞–π–¥–µ–Ω—ã
1780,–†–æ—Å—Ç–µ–ª–µ–∫–æ–º
1781,üü¢ –ù–æ–≤–æ—Å—Ç–∏
1782,üü¢ –ù–æ–≤–æ—Å—Ç–∏
1783,–ú–°–§–û
1784,–ú–æ—Å–∫–æ–≤—Å–∫–æ–π –±–∏—Ä–∂–∏
1785,–ú–æ—Å–±–∏—Ä–∂–µ
1786,–ú–æ—Å–±–∏—Ä–∂–µ
1787,–ï–≤—Ä–æ–ø–ª–∞–Ω
1788,üü¢ –ù–æ–≤–æ—Å—Ç–∏
1789,üü¢ –ù–æ–≤–æ—Å—Ç–∏
1790,–ï–≤—Ä–æ–ø–ª–∞–Ω–∞
1791,–ò–Ω—Ç–µ—Ä—Ñ–∞–∫—Å
1792,–ò–Ω—Ç–µ—Ä—Ñ–∞–∫—Å
1793,–ë–†–ò–ö–°
1794,–ë–†–ò–ö–°
1795,–ú–°–§–û
1796,–ú–°–§–û
1797,–°—É—Ä–≥—É—Ç–Ω–µ—Ñ—Ç–µ–≥–∞–∑ –í–æ–ª–Ω–∞
1798,–ú–æ—Å–ë–∏—Ä–∂–∏
1799,–ú–æ—Å–ë–∏—Ä–∂–∏
1800,–ú–æ—Å–±–∏—Ä–∂–∏
1801,–ú–æ–∑–≥–æ–≤–æ–≥–æ —Ü–µ–Ω—Ç—Ä–∞
1802,–ú–æ–∑–≥–æ–≤–æ–≥–æ —Ü–µ–Ω—Ç—Ä–∞
1803,–ú–æ–∑–≥–æ–≤–æ–≥–æ —Ü–µ–Ω—Ç—Ä–∞
1804,–ú–æ–∑–≥–æ–≤–æ–≥–æ —Ü–µ–Ω—Ç—Ä–∞
1805,–ú–æ–∑–≥–æ–≤–æ–≥–æ —Ü–µ–Ω—Ç—Ä–∞
1806,–ú–æ–∑–≥–æ–≤–æ–≥–æ —Ü–µ–Ω—Ç—Ä–∞
1807,–ú–æ—Å–∫–æ–≤—Å–∫–æ–π –±–∏—Ä–∂–∏
1808,–ú–∏–Ω—Ñ–∏–Ω
1809,–õ—É–∫–æ–π–ª
1810,–ù–ü–ó
1811,–ú–ú–ö [MAGN
1812,–ê–ª—å—Ñ–∞-–ò–Ω–≤–µ—Å—Ç–∏—Ü–∏–π
1813,–ú–æ—Å–ë–∏—Ä–∂–∏
1814,–¶–ë
1815,–¶–ë
1816,–¶–ë
1817,–¶–ë
1818,–ú–æ—Å–ë–∏—Ä–∂–∏
1819,Top News
1820,–ö–æ–º–ø–∞–Ω–∏–∏ –Ω–µ –Ω–∞–π–¥–µ–Ω—ã
1821,Fix Price
1822,Fix Price
1823,Fix Price
1824,–ò–Ω–≤–µ—Ä—Å—É–º
1825,–†–¶–ë
1826,–§–ê–°
1827,–ü–ê–û ¬´–ê—Ä—Ç–≥–µ–Ω –±–∏–æ—Ç–µ—Ö¬ª - –ú–°–§–û 9
1828,–°–æ–≤–µ—Ç –¥–∏—Ä–µ–∫—Ç–æ—Ä–æ–≤
1829,–°–æ–≤–µ—Ç –¥–∏—Ä–µ–∫—Ç–æ—Ä–æ–≤
1830,HeadHunter
1831,–ú–æ—Å–ë–∏—Ä–∂–∏
1832,–ú–æ—Å–ë–∏—Ä–∂–∏
1833,–ò–¢
1834,Polymetal
1835,Polymetal
1836,–°–æ–≤–∫–æ–º–±–∞–Ω–∫–∞
1837,–ú–æ—Å–ë–∏—Ä–∂–∏
1838,–Ø–Ω–¥–µ–∫—Å
1839,Top News
1840,Polygon
1841,Bloomberg Intelligence
1842,–†–æ—Å—Ç–µ–ª–µ–∫–æ–º–∞
1843,–ö–û–ù–°–ï–ù–°–£–°
1844,–°–ü–ë –ë–∏—Ä–∂–∞
1845,–°–ü–ë –ë–∏—Ä–∂–∞
1846,–ú–æ—Å–∫–æ–≤—Å–∫–æ–π –±–∏—Ä–∂–∏
1847,–ú–¢–°
1848,–ú–¢–°
1849,"–ü–ê–û –ê–§–ö """"–°–∏—Å—Ç–µ–º–∞"""" (AFKS) - Cosmos Hotel Group (CHG)"
1850,–ê—ç—Ä–æ—Ñ–ª–æ—Ç
1851,üü¢
1852,üü¢
1853,üü¢
1854,–ö–æ–º–ø–∞–Ω–∏–∏ –Ω–µ –Ω–∞–π–¥–µ–Ω—ã
1855,Polymetal vs
1856,Polymetal vs
